DECIPHER:15 ! Nf1-Microdeletion Syndrome	2	DOID:225 ! syndrome,DOID:4 ! disease
DECIPHER:18 ! 1p36 Microdeletion Syndrome	2	DOID:225 ! syndrome,DOID:4 ! disease
DECIPHER:19 ! Potocki-Lupski Syndrome (17p11.2 Duplication Syndrome)	2	DOID:225 ! syndrome,DOID:4 ! disease
DECIPHER:20 ! 22q13 Deletion Syndrome (Phelan-Mcdermid Syndrome)	2	DOID:225 ! syndrome,DOID:4 ! disease
DECIPHER:21 ! Miller-Dieker Syndrome (Mds)	2	DOID:225 ! syndrome,DOID:4 ! disease
DECIPHER:31 ! Hereditary Liability To Pressure Palsies (Hnpp)	2	DOID:225 ! syndrome,DOID:4 ! disease
DECIPHER:32 ! 22q11 Duplication Syndrome	2	DOID:225 ! syndrome,DOID:4 ! disease
DECIPHER:34 ! Potocki-Shaffer Syndrome	2	DOID:225 ! syndrome,DOID:4 ! disease
DECIPHER:35 ! Wagr 11p13 Deletion Syndrome	2	DOID:225 ! syndrome,DOID:4 ! disease
DECIPHER:37 ! 3q29 Microdeletion Syndrome	2	DOID:225 ! syndrome,DOID:4 ! disease
DECIPHER:39 ! 8p23.1 Deletion Syndrome	2	DOID:225 ! syndrome,DOID:4 ! disease
DECIPHER:4 ! Angelman Syndrome (Type 1)	1	DOID:1932
DECIPHER:42 ! Cat-Eye Syndrome (Type I)	2	DOID:225 ! syndrome,DOID:4 ! disease
DECIPHER:43 ! 7q11.23 Duplication Syndrome	2	DOID:225 ! syndrome,DOID:4 ! disease
DECIPHER:44 ! 2q37 Monosomy	2	DOID:225 ! syndrome,DOID:4 ! disease
DECIPHER:45 ! Xq28 (Mecp2) Duplication	2	DOID:225 ! syndrome,DOID:4 ! disease
DECIPHER:46 ! Split Hand/Foot Malformation 1 (Shfm1)	2	DOID:225 ! syndrome,DOID:4 ! disease
DECIPHER:47 ! Rcad (Renal Cysts And Diabetes)	2	DOID:225 ! syndrome,DOID:4 ! disease
DECIPHER:51 ! 2q33.1 Deletion Syndrome	2	DOID:225 ! syndrome,DOID:4 ! disease
DECIPHER:52 ! 9q Subtelomeric Deletion Syndrome	2	DOID:225 ! syndrome,DOID:4 ! disease
DECIPHER:54 ! Angelman Syndrome (Type 2)	1	DOID:1932
DECIPHER:57 ! 17q21.31 Recurrent Microdeletion Syndrome	2	DOID:225 ! syndrome,DOID:4 ! disease
DECIPHER:58 ! Leri-Weill Dyschondrostosis (Lwd) - Shox Deletion	2	DOID:225 ! syndrome,DOID:4 ! disease
DECIPHER:81 ! 15q26 Overgrowth Syndrome	2	DOID:225 ! syndrome,DOID:4 ! disease
DECIPHER:85 ! 8p23.1 Duplication Syndrome	2	DOID:225 ! syndrome,DOID:4 ! disease
DECIPHER:92 ! Recurrent 16p12.1 Microdeletion (Neurodevelopmental Susceptibility Locus)	2	DOID:225 ! syndrome,DOID:4 ! disease
OMIM:100200 ! Abducens Palsy	1	DOID:4 ! disease
OMIM:100640	0	
OMIM:100650 ! Aldehyde Dehydrogenase 2 Family	1	DOID:4 ! disease
OMIM:100675 ! Acetaminophen Metabolism	1	DOID:4 ! disease
OMIM:100820 ! Achoo Syndrome	1	DOID:4 ! disease
OMIM:101840 ! Acrokeratoderma, Hereditary Papulotranslucent	1	DOID:4 ! disease
OMIM:102000 ! Acroleukopathy, Symmetric	1	DOID:4 ! disease
OMIM:102100 ! Rosenthal-Kloepfer syndrome	1	DOID:4 ! disease
OMIM:102350 ! Acromial Dimples	1	DOID:4 ! disease
OMIM:102520 ! Acrorenal Syndrome	2	DC:0000465 ! Acrorenal Syndrome,DOID:4 ! disease
OMIM:102730 ! Adenosine Deaminase, Elevated, Hemolytic Anemia Due To	1	DOID:4 ! disease
OMIM:102770	0	
OMIM:102900 ! Adenosine Triphosphate, Elevated, Of Erythrocytes	1	DOID:4 ! disease
OMIM:104110 ! Alopecia, Familial Focal	1	DOID:4 ! disease
OMIM:104150	0	
OMIM:104311	0	
OMIM:104350 ! Amastia, Bilateral, With Ureteral Triplication And Dysmorphism	1	DOID:4 ! disease
OMIM:104400 ! Amelia and Terminal Transverse Hemimelia	1	DOID:4 ! disease
OMIM:104600 ! Nonpuerperal galactorrhea	1	DOID:4 ! disease
OMIM:105300 ! Amyotrophic Dystonic Paraplegia	1	DOID:4 ! disease
OMIM:105563 ! Anal sphincter dysplasia	1	DOID:4 ! disease
OMIM:105565 ! Anal Sphincter Myopathy, Internal	1	DOID:4 ! disease
OMIM:105570 ! Androstenone, Ability to Smell	1	DOID:4 ! disease
OMIM:106190 ! Anhidrosis, Familial Generalized, With Normal Sweat Glands	1	DOID:4 ! disease
OMIM:106230 ! Aniridia, Microcornea, And Spontaneously Reabsorbed Cataract	1	DOID:4 ! disease
OMIM:106240 ! Anisocoria	1	DOID:4 ! disease
OMIM:106280 ! Ankyloglossia	1	DOID:4 ! disease
OMIM:106500 ! Annular Erythema	1	DOID:4 ! disease
OMIM:106900 ! Anonychia-Ectrodactyly	1	DOID:4 ! disease
OMIM:106990 ! Anonychia-onychodystrophy with brachydactyly type B and ectrodactyly	1	DOID:4 ! disease
OMIM:107550 ! Aortic Arch Interruption, Facial Palsy, and Retinal Coloboma	1	DOID:4 ! disease
OMIM:107680	0	
OMIM:107700 ! Appendicitis, Proneness to	1	DOID:4 ! disease
OMIM:107730	0	
OMIM:107741	0	
OMIM:107900 ! Arms, Malformation of	1	DOID:4 ! disease
OMIM:108000 ! Arteries, Anomalies of	1	DOID:4 ! disease
OMIM:108050 ! Arteritis, Familial Granulomatous, with Juvenile Polyarthritis	1	DOID:4 ! disease
OMIM:108100 ! Arthritis, Sacroiliac	1	DOID:4 ! disease
OMIM:108320 ! Artichoke, Modification of Taste by	1	DOID:4 ! disease
OMIM:108330	0	
OMIM:108345	0	
OMIM:108370	0	
OMIM:108390 ! Asparagus, Specific Smell Hypersensitivity	1	DOID:4 ! disease
OMIM:108450 ! Asymmetric Short Stature Syndrome	1	DOID:4 ! disease
OMIM:108700 ! Ataxia with Fasciculations	1	DOID:4 ! disease
OMIM:108725 ! Atherosclerosis Susceptibility	1	DOID:4 ! disease
OMIM:108770 ! Atrial Standstill	2	DC:0000699 ! Atrial Standstill,DOID:4 ! disease
OMIM:108950 ! Lown-Ganong-Levine syndrome	2	DOID:225 ! syndrome,DOID:4 ! disease
OMIM:108980 ! Pr Interval, Variation 1N	1	DOID:4 ! disease
OMIM:109050 ! Aurocephalosyndactyly	1	DOID:4 ! disease
OMIM:109100 ! Autoimmune Disease	1	DOID:4 ! disease
OMIM:109120 ! Axenfeld-Rieger Anomaly with Partially Absent Eye Muscles, Distinctive Face, Hydrocephaly, and Skeletal Abnormalities	1	DOID:4 ! disease
OMIM:109130 ! Axial Osteomalacia	1	DOID:4 ! disease
OMIM:109160 ! Azotemia	1	DOID:4 ! disease
OMIM:109270	0	
OMIM:109560	0	
OMIM:109600	0	
OMIM:109740 ! Bifid Nose, Autosomal Dominant	2	DC:0000479 ! Bifid Nose,DOID:4 ! disease
OMIM:110000 ! Blepharochalasis, Superior	1	DOID:4 ! disease
OMIM:110700	0	
OMIM:110800	0	
OMIM:111150	0	
OMIM:111620	0	
OMIM:112270 ! Bone Pain, Periodic	1	DOID:4 ! disease
OMIM:112370 ! Brachmann-De Lange-Like Facial Changes With Microcephaly, Metatarsus Adductus, And Developmental Delay	1	DOID:4 ! disease
OMIM:113301 ! Brachydactyly, Type E, with Atrial Septal Defect, Type II	1	DOID:4 ! disease
OMIM:113470 ! Brachymesomelia renal syndrome	1	DOID:4 ! disease
OMIM:113475 ! Brachymetatarsus 4	1	DOID:4 ! disease
OMIM:113610 ! Branchial Myoclonus with Spastic Paraparesis and Cerebellar Ataxia	1	DOID:4 ! disease
OMIM:113900 ! Hereditary bundle branch system defect	2	DC:0000374 ! Progressive Familial Heart Block,DOID:4 ! disease
OMIM:113950 ! Bundle Branch Block, Familial Isolated Complete Right	1	DOID:4 ! disease
OMIM:114065 ! Calcific Aortic Disease with Immunologic Abnormalities, Familial	1	DOID:4 ! disease
OMIM:114450 ! Cancer, Familial, with In Vitro Radioresistance	1	DOID:4 ! disease
OMIM:114600 ! Canine Teeth, Absence of Upper Permanent	1	DOID:4 ! disease
OMIM:114650 ! Car Factor Deficiency	1	DOID:4 ! disease
OMIM:114700 ! Carabelli Anomaly of Maxillary Molar Teeth	1	DOID:4 ! disease
OMIM:114835 ! Carboxylesterase 1	1	DOID:4 ! disease
OMIM:114890	0	
OMIM:115000 ! Arrhythmias, Cardiac	1	DOID:4 ! disease
OMIM:115080 ! Cardiac Conduction Defect	2	DC:0000374 ! Progressive Familial Heart Block,DOID:4 ! disease
OMIM:115400 ! Carpal Displacement	1	DOID:4 ! disease
OMIM:116790	0	
OMIM:116850 ! Catatrichy	1	DOID:4 ! disease
OMIM:116870 ! Celiac Artery Stenosis from Compression by Median Arcuate Ligament of Diaphragm	1	DOID:4 ! disease
OMIM:116950	0	
OMIM:117800	0	
OMIM:117850 ! Cervical Hypertrichosis with Underlying Kyphoscoliosis	1	DOID:4 ! disease
OMIM:117900 ! Cervical Rib Syndrome	1	DOID:4 ! disease
OMIM:118000 ! Cervical Vertebral Bridge	1	DOID:4 ! disease
OMIM:118005 ! Cervical Vertebral Dysplasia	1	DOID:4 ! disease
OMIM:118301 ! Charcot-Marie-Tooth disease with ptosis and parkinsonism	1	DOID:4 ! disease
OMIM:118350 ! Abdominal chemodectomas with cutaneous angiolipomas	1	DOID:4 ! disease
OMIM:118430 ! Chlorpropamide-Alcohol Flushing	1	DOID:4 ! disease
OMIM:118750 ! Choreoathetosis, Familial Inverted	2	DC:0000083 ! Choreoathetosis,DOID:4 ! disease
OMIM:118865 ! Choroidal Osteoma, Bilateral	1	DOID:4 ! disease
OMIM:118900 ! Cirrhosis, Familial	1	DOID:4 ! disease
OMIM:119000 ! Cleft Chin	1	DOID:4 ! disease
OMIM:119100 ! Split-hand/foot malformation with long bone deficiency	2	DC:0000663 ! Split-Hand/Foot Malformation with Long Bone Deficiency,DOID:4 ! disease
OMIM:119915 ! Cluster Headache, Familial	1	DOID:4 ! disease
OMIM:120050 ! Coxsackievirus B3 Susceptibility	1	DOID:4 ! disease
OMIM:120100 ! Cold Hypersensitivity	2	DC:0000146 ! Familial Cold Autoinflammatory Syndrome,DOID:4 ! disease
OMIM:120440 ! Colonic Varices without Portal Hypertension	1	DOID:4 ! disease
OMIM:120450 ! Comedones, Familial Dyskeratotic	1	DOID:4 ! disease
OMIM:120500 ! Commissural 51P Pits	1	DOID:4 ! disease
OMIM:121210 ! Febrile Convulsions, Familial, 1	2	DOID:4 ! disease,MESH:D003294 ! Seizures, Febrile
OMIM:121350 ! Coracoclavicular Joint, Anomalous	1	DOID:4 ! disease
OMIM:121390 ! Cornea guttata with anterior polar cataract	1	DOID:4 ! disease
OMIM:121450 ! Corneal Degeneration, Ribbonlike, with Deafness	1	DOID:4 ! disease
OMIM:122455 ! Coronary Artery Dissection, Spontaneous	1	DOID:4 ! disease
OMIM:122460 ! Human Coronavirus Sensitivity	1	DOID:4 ! disease
OMIM:122560	0	
OMIM:122700 ! Coumarin Resistance	1	DOID:4 ! disease
OMIM:122750 ! Coxa Vara	1	DOID:4 ! disease
OMIM:122850 ! Cranioacrofacial Syndrome	1	DOID:4 ! disease
OMIM:123270	0	
OMIM:123320 ! Creatine Phosphokinase, Elevated Serum	1	DOID:4 ! disease
OMIM:123540 ! Cryofibrinogenemia, Familial Primary	1	DOID:4 ! disease
OMIM:123557 ! Cryptotia, Familial	1	DOID:4 ! disease
OMIM:124020	0	
OMIM:124060 ! Cytochrome P450, Subfamily I, Polypeptide 2	1	DOID:4 ! disease
OMIM:124300 ! Darwinian Tubercle of Pinna	1	DOID:4 ! disease
OMIM:124400 ! Darwinian Tubercle of Pinna	1	DOID:4 ! disease
OMIM:124700 ! Deafness, Mid-Tone Neural	1	DOID:4 ! disease
OMIM:124950 ! Deafness, Sensorineural, with Peripheral Neuropathy and Arterial Disease	1	DOID:4 ! disease
OMIM:125000 ! Deafness, Unilateral	1	DOID:4 ! disease
OMIM:125050 ! Deafness with Anhidrotic Ectodermal Dysplasia	1	DOID:4 ! disease
OMIM:125260	0	
OMIM:125280 ! Dens Evaginatus	1	DOID:4 ! disease
OMIM:125300 ! Dens in dente and palatal invaginations	1	DOID:4 ! disease
OMIM:125320 ! Dementia/Parkinsonism With Non-Alzheimer Amyloid Plaques	1	DOID:4 ! disease
OMIM:125350 ! Failure of Tooth Eruption, Primary	1	DOID:4 ! disease
OMIM:125450	0	
OMIM:125460 ! Deoxyribose-5-Phosphate Aldolase Deficiency	1	DOID:4 ! disease
OMIM:125480 ! Major Affective Disorder 1	2	DC:0000264 ! Major Affective Disorder,DOID:4 ! disease
OMIM:125530 ! Dermal Ridges, Nelson Syndrome	1	DOID:4 ! disease
OMIM:125540 ! Dermal Ridges, Patternless	1	DOID:4 ! disease
OMIM:125550 ! Ridges-off-the-end syndrome	1	DOID:4 ! disease
OMIM:125570	0	
OMIM:125590	0	
OMIM:125630 ! Dermodistortive Urticaria	1	DOID:4 ! disease
OMIM:125900 ! Diastema, Dental Medial	1	DOID:4 ! disease
OMIM:125950	0	
OMIM:126070 ! Dilution, Pigmentary	1	DOID:4 ! disease
OMIM:126100 ! Dimples, Facial	1	DOID:4 ! disease
OMIM:126150	0	
OMIM:126180 ! Discrimination, Two-Point, Reduction 1N	1	DOID:4 ! disease
OMIM:126250 ! Distal Osteosclerosis	1	DOID:4 ! disease
OMIM:126320 ! Distichiasis with Congenital Anomalies of the Heart and Peripheral Vasculature	1	DOID:4 ! disease
OMIM:126500 ! Double Nail for Fifth Toe	1	DOID:4 ! disease
OMIM:126840 ! Duodenal ulcer due to antral G-cell hyperfunction	1	DOID:4 ! disease
OMIM:126850 ! Duodenal Ulcer, Hyperpepsinogenemic I	1	DOID:4 ! disease
OMIM:126950 ! Dwarfism tall vertebrae	1	DOID:4 ! disease
OMIM:127100 ! Dwarfism, Levi Type	1	DOID:4 ! disease
OMIM:127200 ! Dwarfism stiff joint ocular abnormalities	1	DOID:4 ! disease
OMIM:128000 ! Dystelephalangy	1	DOID:4 ! disease
OMIM:128290 ! Ear Antitragus, Tag at Base of	1	DOID:4 ! disease
OMIM:128300 ! Ear Exostoses	1	DOID:4 ! disease
OMIM:128400 ! Ear Flare	1	DOID:4 ! disease
OMIM:128500 ! Ear Folding	1	DOID:4 ! disease
OMIM:128600 ! Ear Malformation	1	DOID:4 ! disease
OMIM:128700 ! Preauricular Fistulae, Congenital	1	DOID:4 ! disease
OMIM:128710 ! Ear Pits, Posterior Helical	1	DOID:4 ! disease
OMIM:128900	0	
OMIM:128950 ! Earlobe Crease	1	DOID:4 ! disease
OMIM:129000 ! Earring Holes, Natural	1	DOID:4 ! disease
OMIM:129100	0	
OMIM:129150 ! Echo Virus 11 Sensitivity	1	DOID:4 ! disease
OMIM:129540 ! Ectodermal Dysplasia Syndrome with Distinctive Facial Appearance and Preaxial Polydactyly of Feet	1	DOID:4 ! disease
OMIM:129550 ! Ectodermal dysplasia adrenal cyst	1	DOID:4 ! disease
OMIM:129600 ! Ectopia Lentis 1, Isolated, Autosomal Dominant	2	DOID:4 ! disease,MESH:C536184 ! Familial ectopia lentis
OMIM:129750 ! Ectopia pupillae	1	DOID:4 ! disease
OMIM:129810 ! Ectrodactyly and Ectodermal Dysplasia without Cleft Lip/Palate	1	DOID:4 ! disease
OMIM:129830 ! Ectrodactyly-Cleft Palate Syndrome	1	DOID:4 ! disease
OMIM:129840 ! Edema, Familial Idiopathic, Prepubertal	1	DOID:4 ! disease
OMIM:129850 ! Edinburgh Malformation Syndrome	1	DOID:4 ! disease
OMIM:129900 ! Ectrodactyly, Ectodermal Dysplasia, and Cleft Lip/Palate Syndrome 1	2	DC:0000689 ! Ectrodactyly, Ectodermal Dysplasia, and Cleft Lip/Palate Syndrome,DOID:4 ! disease
OMIM:130180	0	
OMIM:130190	0	
OMIM:130200 ! Electroencephalographic Peculiarity: 14 and 6 Per Sec. Positive Spike Phenomenon	1	DOID:4 ! disease
OMIM:130300 ! Electroencephalographic Peculiarity: Fronto-Precentral Beta Wave Groups	1	DOID:4 ! disease
OMIM:130400 ! Electroencephalographic Peculiarity: Occipital Slow Beta Waves	1	DOID:4 ! disease
OMIM:130700 ! Emphysema, Hereditary Pulmonary	2	DOID:4 ! disease,MESH:D004646 ! Emphysema
OMIM:131200 ! Endometriosis, Susceptibility To, 1	1	DOID:4 ! disease
OMIM:131400 ! Eosinophilia, Familial	1	DOID:4 ! disease
OMIM:131430 ! Eosinophilopenia	1	DOID:4 ! disease
OMIM:131440 ! Myeloproliferative Disorder, Chronic, with Eosinophilia	1	DOID:4 ! disease
OMIM:131450 ! Epiblepharon of Lower 51D	1	DOID:4 ! disease
OMIM:131460 ! Epiblepharon of Upper Lid	1	DOID:4 ! disease
OMIM:131500 ! Epicanthus	1	DOID:4 ! disease
OMIM:131600 ! Epidermal Cyst	1	DOID:4 ! disease
OMIM:131880 ! Epidermolysis Bullosa with Deficiency of Galactosylhydroxylysyl Glucosyltransferase	1	DOID:4 ! disease
OMIM:132000 ! Epidermolysis Bullosa With Congenital Localized Absence Of Skin And Deformity Of Nails	1	DOID:4 ! disease
OMIM:132500 ! Epistaxis, Hereditary	1	DOID:4 ! disease
OMIM:132810	0	
OMIM:132990 ! Erythema Nodosum	1	DOID:4 ! disease
OMIM:133240 ! Esophageal Ring, Lower	1	DOID:4 ! disease
OMIM:133500 ! Exchondrosis Of Pinna, Posterior	1	DOID:4 ! disease
OMIM:133600 ! Exostoses Of Heel	1	DOID:4 ! disease
OMIM:133705 ! External Auditory Canal, Bilateral Atresia Of, With Congenital Vertical Talus	1	DOID:4 ! disease
OMIM:133750 ! Extrasystoles, Multiform Ventricular, with Short Stature, Hyperpigmentation and Microcephaly	1	DOID:4 ! disease
OMIM:133800 ! Eyebrow, Whorl 1N	1	DOID:4 ! disease
OMIM:134000 ! Facial Hypertrichosis	1	DOID:4 ! disease
OMIM:134300 ! Facial Spasm	1	DOID:4 ! disease
OMIM:134400 ! Factor V Excess with Spontaneous Thrombosis	1	DOID:4 ! disease
OMIM:134430 ! Familial Multiple Coagulation Factor Deficiency IV	1	DOID:4 ! disease
OMIM:134510 ! Familial Multiple Coagulation Factor Deficiency II	1	DOID:4 ! disease
OMIM:134520 ! Factors VIII, IX And XI, Combined Deficiency of	1	DOID:4 ! disease
OMIM:134540 ! Familial Multiple Coagulation Factor Deficiency VI	1	DOID:4 ! disease
OMIM:134700 ! Favism, Susceptibility to	1	DOID:4 ! disease
OMIM:134900 ! Fibrinolytic Defect	1	DOID:4 ! disease
OMIM:135700 ! Fibrosis of Extraocular Muscles, Congenital, 3B	2	DOID:4 ! disease,MESH:C580012 ! Congenital Fibrosis of the Extraocular Muscles
OMIM:135800 ! Fibula, Recurrent Dislocation of Head of	1	DOID:4 ! disease
OMIM:135950 ! Finger Locking, Recurrent, With Intrauterine Growth Retardation and Proportionate Short Stature	1	DOID:4 ! disease
OMIM:136100 ! Fingers, Relative Length of	1	DOID:4 ! disease
OMIM:136150 ! Flood Factor Deficiency	1	DOID:4 ! disease
OMIM:136200 ! Flushing of Ears and Somnolence	1	DOID:4 ! disease
OMIM:136400 ! Focal Epithelial Hyperplasia of the Oral Mucosa	1	DOID:4 ! disease
OMIM:136570 ! Chromosome 16P12.1 Deletion Syndrome, 520-Kb	2	DOID:4 ! disease,MESH:D002872 ! Chromosome Deletion
OMIM:136580 ! Fragile Site, Distamycin a Type, Rare, Fra(16)(Q22.1)	1	DOID:4 ! disease
OMIM:136600 ! Friedreich Ataxia, So-Called, with Optic Atrophy and Sensorineural Deafness	1	DOID:4 ! disease
OMIM:136610	0	
OMIM:136630 ! Mental Retardation, Fra12a Type	1	DOID:4 ! disease
OMIM:136820	0	
OMIM:137000 ! Futcher Line	1	DOID:4 ! disease
OMIM:137040 ! Gallbladder, Agenesis Of	1	DOID:4 ! disease
OMIM:137050 ! Gamma-A-Globulin, Defect in Assembly of	1	DOID:4 ! disease
OMIM:137130 ! Gastric Sneezing	1	DOID:4 ! disease
OMIM:137210 ! Gastric Volvulus, Intrathoracic	1	DOID:4 ! disease
OMIM:137240	0	
OMIM:137370 ! Genu valgum, st Helena familial	1	DOID:4 ! disease
OMIM:137500 ! Giant Neutrophil Leukocytes	1	DOID:4 ! disease
OMIM:137560 ! Giant Platelet Syndrome with Thrombocytopenia	1	DOID:4 ! disease
OMIM:137575 ! Gigantiform Cementoma, Familial	1	DOID:4 ! disease
OMIM:137900 ! Globulin Anomaly involving Beta (2A)-Globulin	1	DOID:4 ! disease
OMIM:137950 ! Glomerulopathy with Giant Fibrillar Deposits	2	DC:0000174 ! Glomerulopathy with Fibronectin Deposits,DOID:4 ! disease
OMIM:138040	0	
OMIM:138070 ! Glucoglycinuria	1	DOID:4 ! disease
OMIM:138300	0	
OMIM:138500 ! Glycinuria with or without Oxalate Urolithiasis	1	DOID:4 ! disease
OMIM:138900	0	
OMIM:138920 ! Granddad Syndrome	1	DOID:4 ! disease
OMIM:139000 ! Granulosis Rubra Nasi	1	DOID:4 ! disease
OMIM:139100 ! Graying of Hair, Precocious	1	DOID:4 ! disease
OMIM:139400	0	
OMIM:139450	0	
OMIM:139500 ! Hairy Ears	1	DOID:4 ! disease
OMIM:139630 ! Hairy nose tip	1	DOID:4 ! disease
OMIM:139650 ! Hairy palms and soles	1	DOID:4 ! disease
OMIM:140300 ! Hashimoto Thyroiditis	1	DOID:4 ! disease
OMIM:140400 ! Progressive Familial Heart Block, Type II	2	DC:0000374 ! Progressive Familial Heart Block,DOID:4 ! disease
OMIM:140500 ! Heart, Malformation of	1	DOID:4 ! disease
OMIM:140900 ! Hemangiomas of Small Intestine	1	DOID:4 ! disease
OMIM:141200 ! Hematuria, Benign Familial	1	DOID:4 ! disease
OMIM:141700 ! Hemolytic Poikilocytic Anemia due to Reduced Ankyrin Binding Sites	1	DOID:4 ! disease
OMIM:141900	0	
OMIM:142000	0	
OMIM:142100	0	
OMIM:142240	0	
OMIM:142309 ! Hemoglobin--Variants for Which the Chain Carrying the Mutation 1S Unknown or Uncertain	1	DOID:4 ! disease
OMIM:142310	0	
OMIM:142330 ! Hepatic Adenomas, Familial	1	DOID:4 ! disease
OMIM:142350 ! Hernia, Double Inguinal	1	DOID:4 ! disease
OMIM:142395	0	
OMIM:142500 ! Heterochromia iridis	1	DOID:4 ! disease
OMIM:142700 ! Hip Dislocation, Congenital	2	DC:0000618 ! Developmental Dysplasia of the Hip,DOID:4 ! disease
OMIM:142860	0	
OMIM:143850 ! Orthostatic Hypotensive Disorder, Streeten Type	1	DOID:4 ! disease
OMIM:143860 ! Hyperchlorhidrosis, Isolated	1	DOID:4 ! disease
OMIM:144050 ! Hyperheparinemia	1	DOID:4 ! disease
OMIM:144110 ! Hyperhidrosis Palmaris Et Plantaris	1	DOID:4 ! disease
OMIM:144120 ! Hyperimmunoglobulin G1(A1) Syndrome	1	DOID:4 ! disease
OMIM:144300 ! Hyperlipoproteinemia, Type II, and Deafness	1	DOID:4 ! disease
OMIM:144755 ! Hyperostosis Cranialis Interna	1	DOID:4 ! disease
OMIM:145200 ! Hyperpigmentation of Fuldauer and Kuijpers	1	DOID:4 ! disease
OMIM:145250 ! Macules hereditary congenital hypopigmented and hyperpigmented	2	DOID:4 ! disease,MESH:C564163 ! Hyperpigmentation, Familial Progressive
OMIM:145270 ! Hyperproglucagonemia	1	DOID:4 ! disease
OMIM:145290 ! Reflex, Abnormal	1	DOID:4 ! disease
OMIM:145295 ! Familial hypersecretion of adrenal androgens	1	DOID:4 ! disease
OMIM:145350 ! Hypertaurinuric Cardiomyopathy	1	DOID:4 ! disease
OMIM:145400 ! Hypertelorism	1	DOID:4 ! disease
OMIM:145590 ! Hyperthermia, Cutaneous, With Headaches And Nausea	1	DOID:4 ! disease
OMIM:145680 ! Dystransthyretinemic Euthyroidal Hyperthyroxinemia	1	DOID:4 ! disease
OMIM:145800 ! Hypertrophia Musculorum Vera	1	DOID:4 ! disease
OMIM:146350 ! Hypophosphatemic Bone Disease	1	DOID:4 ! disease
OMIM:146850 ! Immune Suppression	1	DOID:4 ! disease
OMIM:147050 ! Ige Responsiveness, Atopic	1	DOID:4 ! disease
OMIM:147300 ! Incisors, Long Upper Central	1	DOID:4 ! disease
OMIM:147320 ! Insulin Receptors, Familial Increase 1N	1	DOID:4 ! disease
OMIM:147330 ! Incisors, Lower Central, Absence of	1	DOID:4 ! disease
OMIM:147350 ! Incisors, Rotation of Upper Central	1	DOID:4 ! disease
OMIM:147400 ! Incisors, Shovel-Shaped	1	DOID:4 ! disease
OMIM:147430 ! Indifference to Pain, Congenital, Autosomal Dominant	1	DOID:4 ! disease
OMIM:147530 ! Insensitivity to Pain With Hyperplastic Myelinopathy	1	DOID:4 ! disease
OMIM:147540 ! Insect Stings, Hypersensitivity to	1	DOID:4 ! disease
OMIM:147610 ! Iris Pigment Layer, Cleavage of	1	DOID:4 ! disease
OMIM:147630 ! Islet Cell Adenomatosis	1	DOID:4 ! disease
OMIM:147820 ! Internal Carotid Artery, Spontaneous Dissection of	1	DOID:4 ! disease
OMIM:147892 ! Deiodinase, Iodothyronine, Type 1	1	DOID:4 ! disease
OMIM:147920 ! Kabuki syndrome	2	DC:0000547 ! Kabuki Syndrome,DOID:4 ! disease
OMIM:148100 ! Keloid Formation	1	DOID:4 ! disease
OMIM:148200 ! Keratitis Fugax Hereditaria	1	DOID:4 ! disease
OMIM:148390 ! Keratosis, Familial Actinic	1	DOID:4 ! disease
OMIM:149100 ! Knuckle Pads	1	DOID:4 ! disease
OMIM:149300 ! Nail Disorder, Nonsyndromic Congenital, 2	2	DC:0000310 ! Nail Disorder, Nonsyndromic Congenital,DOID:4 ! disease
OMIM:149400 ! Hyperexplexia hereditary	2	DC:0000537 ! Hyperekplexia,DOID:4 ! disease
OMIM:149500 ! Kyrle disease	1	DOID:4 ! disease
OMIM:149600 ! Labia Minora, Incomplete Adhesion of	1	DOID:4 ! disease
OMIM:149700 ! Lacrimal Duct Defect	1	DOID:4 ! disease
OMIM:150170 ! Lactic Acidosis, Chronic Adult Form	1	DOID:4 ! disease
OMIM:150270 ! Laryngeal Adductor Paralysis	1	DOID:4 ! disease
OMIM:150500 ! Lattice Degeneration of Retina Leading to Retinal Detachment	1	DOID:4 ! disease
OMIM:150550 ! Lazy Leukocyte Syndrome	1	DOID:4 ! disease
OMIM:150590 ! Leg Ulcers, Familial, of Juvenile Onset	1	DOID:4 ! disease
OMIM:150900 ! Lentigo	1	DOID:4 ! disease
OMIM:151000 ! Lentiginosis, Centrofacial Neurodysraphic	1	DOID:4 ! disease
OMIM:151430	0	
OMIM:151440	0	
OMIM:151441	0	
OMIM:151500 ! Leukocyte Nuclear Appendages, Hereditary Prevalence of	1	DOID:4 ! disease
OMIM:151590 ! Lichen Sclerosus et Atrophicus	1	DOID:4 ! disease
OMIM:151610 ! Levator-Medial Rectus Synkinesis	1	DOID:4 ! disease
OMIM:151620 ! Lichen Planus, Familial	1	DOID:4 ! disease
OMIM:151640 ! Lip, Hamartomatous	1	DOID:4 ! disease
OMIM:151700 ! Lipoma of the Conjunctiva	1	DOID:4 ! disease
OMIM:152200	0	
OMIM:152420 ! Lithium Transport	1	DOID:4 ! disease
OMIM:152550 ! Lumbar Stenosis, Familial	1	DOID:4 ! disease
OMIM:152600 ! Lunulae of Fingernails	1	DOID:4 ! disease
OMIM:152780	0	
OMIM:153470 ! Macrocephaly, benign familial	1	DOID:4 ! disease
OMIM:153640 ! Fechtner Syndrome	1	DOID:4 ! disease
OMIM:153650 ! Epstein Syndrome	1	DOID:4 ! disease
OMIM:153890 ! Macular Dystrophy, Fenestrated Sheen Type	2	DC:0000263 ! Macular Dystrophy,DOID:4 ! disease
OMIM:154300 ! Malocclusion Due to Protuberant Upper Front Teeth	1	DOID:4 ! disease
OMIM:154570 ! Mannose 6-Phosphate Receptor Recognition Defect, Lebanese Type	1	DOID:4 ! disease
OMIM:154750 ! Marfanoid hypermobility syndrome	1	DOID:4 ! disease
OMIM:154850 ! Masticatory Muscles, Hypertrophy of	1	DOID:4 ! disease
OMIM:155000 ! Maxillofacial Dysostosis	1	DOID:4 ! disease
OMIM:155150 ! Median-Ulnar Nerve Communications	1	DOID:4 ! disease
OMIM:155200 ! Mediosternal Depigmentation Line	1	DOID:4 ! disease
OMIM:155500 ! Megalodactyly	1	DOID:4 ! disease
OMIM:155800	0	
OMIM:156190 ! Mental and Growth Retardation with Amblyopia	1	DOID:4 ! disease
OMIM:156220 ! Meralgia Paraesthetica, Familial	1	DOID:4 ! disease
OMIM:156230 ! Mesomelic Dwarfism of Hypoplastic Tibia and Radius Type	1	DOID:4 ! disease
OMIM:156520 ! Metatarsus Varus, Type I	1	DOID:4 ! disease
OMIM:156900 ! Microphthalmia, Isolated, With Corectopia	1	DOID:4 ! disease
OMIM:157150 ! Microspherophakia with hernia	1	DOID:4 ! disease
OMIM:157200 ! Midphalangeal hair	1	DOID:4 ! disease
OMIM:157400 ! Milia, Multiple Eruptive	1	DOID:4 ! disease
OMIM:158100 ! Monophalangy of Great Toe	1	DOID:4 ! disease
OMIM:158250 ! Nondisjunction, Genetic	1	DOID:4 ! disease
OMIM:158345 ! Multiple Exostoses with Spastic Tetraparesis	1	DOID:4 ! disease
OMIM:158400 ! Muscle Cramps, Familial	1	DOID:4 ! disease
OMIM:158650 ! Muscular Atrophy, Malignant Neurogenic	1	DOID:4 ! disease
OMIM:159100 ! Muscular Hypoplasia, Congenital Universal, of Krabbe	1	DOID:4 ! disease
OMIM:159300	0	
OMIM:159410	0	
OMIM:159420	0	
OMIM:159500 ! Myelinated Optic Nerve Fibers	1	DOID:4 ! disease
OMIM:159555	0	
OMIM:159556	0	
OMIM:159557	0	
OMIM:159558	0	
OMIM:159595 ! Myeloproliferative Syndrome, Transient	1	DOID:4 ! disease
OMIM:160570 ! Myopathy with Storage of Glycoproteins and Glycosaminoglycans	1	DOID:4 ! disease
OMIM:160990 ! Myotonic Myopathy with Cylindrical Spirals	1	DOID:4 ! disease
OMIM:161070 ! Nail High-Sulfur Protein	1	DOID:4 ! disease
OMIM:161080 ! Nail Low-Sulfur Protein	1	DOID:4 ! disease
OMIM:161100 ! Nailbeds, Pigmentation of	1	DOID:4 ! disease
OMIM:161470 ! Nasal Alar Collapse, Bilateral	1	DOID:4 ! disease
OMIM:161480 ! Nasal Bones, Absence of	1	DOID:4 ! disease
OMIM:161500 ! Nasal Groove, Familial Transverse	1	DOID:4 ! disease
OMIM:161530 ! Nasal Hyperpigmentation, Familial Transverse	1	DOID:4 ! disease
OMIM:161600 ! Accessory navicular bone	1	DOID:4 ! disease
OMIM:162240 ! Neurofibromatosis-Pheochromocytoma-Duodenal Carcinoid Syndrome	1	DOID:4 ! disease
OMIM:162370 ! Neuropathy, congenital, with arthrogryposis multiplex	1	DOID:4 ! disease
OMIM:162380 ! Neuropathy, Hereditary Sensorimotor, with Upper Motor Neuron, Visual Pathway and Autonomic Disturbance	1	DOID:4 ! disease
OMIM:162600 ! Neuropathy, with Paraprotein in Serum, Cerebrospinal Fluid and Urine	1	DOID:4 ! disease
OMIM:162700 ! Neutropenia, severe chronic	1	DOID:4 ! disease
OMIM:162820 ! Neutrophil Migration	1	DOID:4 ! disease
OMIM:162900 ! Nevus, Epidermal	1	DOID:4 ! disease
OMIM:163050 ! Nevus Anemicus	1	DOID:4 ! disease
OMIM:163100 ! Nevus Flammeus of Nape of Neck	1	DOID:4 ! disease
OMIM:163600 ! Nipples Inverted	1	DOID:4 ! disease
OMIM:163850 ! Noduli Cutanei, Multiple, with Urinary Tract Abnormalities	1	DOID:4 ! disease
OMIM:164000 ! Potato nose	1	DOID:4 ! disease
OMIM:164150 ! Hereditary vertical nystagmus	2	DC:0000328 ! Nystagmus,DOID:4 ! disease
OMIM:164170	0	
OMIM:164230 ! Obsessive-Compulsive Disorder	1	DOID:4 ! disease
OMIM:164680 ! Onychogryposis, Pedal, with Keratosis Plantaris and Coarse Hair	1	DOID:4 ! disease
OMIM:164700 ! Olivopontocerebellar Atrophy 5	1	DOID:4 ! disease
OMIM:164800 ! Nail Disorder, Nonsyndromic Congenital, 5	2	DC:0000310 ! Nail Disorder, Nonsyndromic Congenital,DOID:4 ! disease
OMIM:165000 ! Ophthalmoplegia, Familial Static	1	DOID:4 ! disease
OMIM:165098 ! Ophthalmoplegia, Familial Total, with Iris Transillumination	1	DOID:4 ! disease
OMIM:165510 ! Optic Atrophy with Negative Electroretinograms	1	DOID:4 ! disease
OMIM:165670 ! Ossified Ear Cartilages	1	DOID:4 ! disease
OMIM:165680 ! Ossicular Malformations, familial	1	DOID:4 ! disease
OMIM:166400 ! Osteomas Of Mandible	1	DOID:4 ! disease
OMIM:166740 ! Osteosclerosis with Ichthyosis and Fractures	1	DOID:4 ! disease
OMIM:166760 ! Otitis Media, Susceptibility to	1	DOID:4 ! disease
OMIM:166780 ! Otofaciocervical Syndrome 1	2	DC:0000698 ! Otofaciocervical Syndrome,DOID:4 ! disease
OMIM:166910 ! Ovalocytosis, Hereditary Hemolytic, with Defective Erythropoiesis	1	DOID:4 ! disease
OMIM:166970 ! Ovarian Fibromata	1	DOID:4 ! disease
OMIM:166990 ! Osteochondrodysplasia, Rhizomelic, with Callosal Agenesis, Thrombocytopenia, Hydrocephalus, and Hypertension	1	DOID:4 ! disease
OMIM:167600 ! Palmaris Longus Muscle, Absence of	1	DOID:4 ! disease
OMIM:167700	0	
OMIM:167770	0	
OMIM:167850 ! Pancytopenia and Occlusive Vascular Disease	1	DOID:4 ! disease
OMIM:167900 ! Papillomatosis, Confluent and Reticulated	1	DOID:4 ! disease
OMIM:167950 ! Papillomatosis, florid, of nipple	1	DOID:4 ! disease
OMIM:168200 ! Paramolar Tubercle of Bolk	1	DOID:4 ! disease
OMIM:168800 ! Parotidomegaly, Hereditary Bilateral	1	DOID:4 ! disease
OMIM:168820	0	
OMIM:168830 ! Passovoy Factor Defect	1	DOID:4 ! disease
OMIM:168850 ! Patella aplasia, coxa vara, tarsal synostosis	1	DOID:4 ! disease
OMIM:169000 ! Patella, Familial Recurrent Dislocation Of	1	DOID:4 ! disease
OMIM:169200 ! Pechet Factor Deficiency	1	DOID:4 ! disease
OMIM:169300 ! Funnel Chest	1	DOID:4 ! disease
OMIM:169545 ! Pelvic Lipomatosis with Crossed Renal Ectopia	1	DOID:4 ! disease
OMIM:170600 ! Normokalemic Periodic Paralysis	1	DOID:4 ! disease
OMIM:170980 ! Accessory deep peroneal nerve	1	DOID:4 ! disease
OMIM:170995	0	
OMIM:171100 ! Phagocytosis, Plasma-Related Defect in	1	DOID:4 ! disease
OMIM:171200 ! Thiourea Tasting	1	DOID:4 ! disease
OMIM:171420 ! Pheochromocytoma Islet Cell Tumor Syndrome	1	DOID:4 ! disease
OMIM:171450 ! Phlebectasia Of Lips	1	DOID:4 ! disease
OMIM:171720	0	
OMIM:172150 ! 6-Phosphogluconolactonase Deficiency	1	DOID:4 ! disease
OMIM:172200	0	
OMIM:172500 ! Herrmann syndrome	1	DOID:4 ! disease
OMIM:172900 ! Pigmented purpuric eruption	1	DOID:4 ! disease
OMIM:173000 ! Pilonidal Sinus	1	DOID:4 ! disease
OMIM:173400 ! Platelet Aggregation, Spontaneous	1	DOID:4 ! disease
OMIM:173420 ! Platelet Disorder, Undefined	1	DOID:4 ! disease
OMIM:173450 ! Platelet Factor 3 Deficiency	1	DOID:4 ! disease
OMIM:173470	0	
OMIM:173580 ! Platelet Responsiveness to Adrenaline, Depressed	1	DOID:4 ! disease
OMIM:173590 ! Platelet Signal Processing Defect	1	DOID:4 ! disease
OMIM:173850	0	
OMIM:174770 ! Actinic Prurigo	1	DOID:4 ! disease
OMIM:175400 ! Polyposis, Intestinal, Scattered and Discrete	2	DC:0000587 ! Polyposis,DOID:4 ! disease
OMIM:175450 ! Polyposis, Intestinal, With Multiple Exostoses	1	DOID:4 ! disease
OMIM:175505 ! Polyposis Of Gastric Fundus Without Polyposis Coli	2	DC:0000587 ! Polyposis,DOID:4 ! disease
OMIM:175510 ! Polyps, Multiple And Recurrent Inflammatory Fibroid, Gastrointestinal	1	DOID:4 ! disease
OMIM:175750 ! Popliteal Cyst	1	DOID:4 ! disease
OMIM:176250 ! Posterior column ataxia	1	DOID:4 ! disease
OMIM:176310	0	
OMIM:176385	0	
OMIM:176390	0	
OMIM:176430 ! Premature Chromatid Separation Trait	1	DOID:4 ! disease
OMIM:176600 ! Presenile dementia, Kraepelin type	1	DOID:4 ! disease
OMIM:176620 ! Priapism, familial idiopathic	1	DOID:4 ! disease
OMIM:176630 ! Primary Release Disorder Of Platelets	1	DOID:4 ! disease
OMIM:176705	0	
OMIM:176780 ! Pelvic Organ Prolapse	2	DC:0000354 ! Pelvic Organ Prolapse,DOID:4 ! disease
OMIM:176790	0	
OMIM:176800 ! Pronation-Supination Of The Forearm, Impairment Of	1	DOID:4 ! disease
OMIM:176873	0	
OMIM:176947	0	
OMIM:176960	0	
OMIM:177050 ! Protrusio Acetabuli	1	DOID:4 ! disease
OMIM:177100 ! Pruritus, Hereditary Localized	1	DOID:4 ! disease
OMIM:177300 ! Pseudoarthrogryposis	1	DOID:4 ! disease
OMIM:177350 ! Pseudoatrophoderma Colli	1	DOID:4 ! disease
OMIM:177400	0	
OMIM:177600 ! Pseudocholinesterase, Increase 1N Plasma Level of	1	DOID:4 ! disease
OMIM:177990 ! Pterygium Colli, Isolated	1	DOID:4 ! disease
OMIM:178350 ! Pubic Bone Dysplasia	1	DOID:4 ! disease
OMIM:178400 ! Pulmonary edema of mountaineers	1	DOID:4 ! disease
OMIM:178635	0	
OMIM:178650 ! Ciuffo Syndrome	1	DOID:4 ! disease
OMIM:178651 ! Pulmonic Stenosis and Deafness	1	DOID:4 ! disease
OMIM:178800 ! Pupil, Egg-Shaped	1	DOID:4 ! disease
OMIM:178900 ! Pupillary Membrane, Persistence Of	1	DOID:4 ! disease
OMIM:179000 ! Purpura simplex	1	DOID:4 ! disease
OMIM:179200 ! Radial Heads, Posterior Dislocation Of	1	DOID:4 ! disease
OMIM:179400 ! Radius, Aplasia Of, With Cleft Lip/Palate	1	DOID:4 ! disease
OMIM:179450 ! Ragweed Sensitivity	1	DOID:4 ! disease
OMIM:179500 ! Raindrop Hypopigmentation	1	DOID:4 ! disease
OMIM:179618	0	
OMIM:179650 ! Red Cell Permeability Defect	1	DOID:4 ! disease
OMIM:179700 ! Red cell phospholipid defect with hemolysis	1	DOID:4 ! disease
OMIM:179820	0	
OMIM:180050 ! Retinal Detachment	1	DOID:4 ! disease
OMIM:180070	0	
OMIM:180080 ! Retinal Venous Beading	1	DOID:4 ! disease
OMIM:180350 ! Rheumatoid Nodule	1	DOID:4 ! disease
OMIM:180360 ! Rhiny	1	DOID:4 ! disease
OMIM:180370	0	
OMIM:180721	0	
OMIM:180750 ! Robinow Sorauf syndrome	1	DOID:4 ! disease
OMIM:181010 ! Salivary Duct Calculi	1	DOID:4 ! disease
OMIM:181300 ! Scapula, Contour of Vertebral Border of	1	DOID:4 ! disease
OMIM:181405 ! Scapuloperoneal Spinal Muscular Atrophy	1	DOID:4 ! disease
OMIM:182150 ! Simosa cranio facial syndrome	1	DOID:4 ! disease
OMIM:182200 ! Sella Turcica, Bridged	1	DOID:4 ! disease
OMIM:182255 ! Skeletal Dysplasia With Delayed Epiphyseal And Carpal Bone Ossification	1	DOID:4 ! disease
OMIM:182257	0	
OMIM:182260 ! Slipped Capital Femoral Epiphyses	1	DOID:4 ! disease
OMIM:182800 ! Spastic Paraplegia With Associated Extrapyramidal Signs	1	DOID:4 ! disease
OMIM:182830 ! Spastic Paraplegia, Optic Atrophy, And Dementia	1	DOID:4 ! disease
OMIM:182870	0	
OMIM:183050 ! Spinocerebellar Ataxia With Rigidity And Peripheral Neuropathy	1	DOID:4 ! disease
OMIM:183100 ! Spinocerebellar Atrophy With Pupillary Paralysis	1	DOID:4 ! disease
OMIM:183350 ! Splenomegaly Syndrome With Splenic Germinal Center Hypoplasia And Reduced Circulating T-Helper Cells	1	DOID:4 ! disease
OMIM:183400 ! Split Lower 51P	1	DOID:4 ! disease
OMIM:183500 ! Split-Hand And Split-Foot With Hypodontia	1	DOID:4 ! disease
OMIM:183600 ! Split hand foot deformity 1	2	DC:0000416 ! Split-Hand/Foot Malformation,DOID:4 ! disease
OMIM:183850 ! Spondyloepiphyseal Dysplasia With Punctate Corneal Dystrophy	1	DOID:4 ! disease
OMIM:184300 ! Spondylosis, Cervical	1	DOID:4 ! disease
OMIM:184800 ! Sternum, Premature Obliteration of Sutures of	1	DOID:4 ! disease
OMIM:185069 ! Storm Syndrome	1	DOID:4 ! disease
OMIM:185100 ! Strabismus, Susceptibility to	1	DOID:4 ! disease
OMIM:185200 ! Striae Distensae, Familial	1	DOID:4 ! disease
OMIM:185460 ! Sulfhemoglobinemia, Congenital	1	DOID:4 ! disease
OMIM:186575 ! Synovial Chondromatosis, Familial, with Dwarfism	1	DOID:4 ! disease
OMIM:186600 ! Syringomas, Multiple	1	DOID:4 ! disease
OMIM:186740	0	
OMIM:186750 ! Talonavicular coalition	1	DOID:4 ! disease
OMIM:186770	0	
OMIM:186830	0	
OMIM:186850 ! Tarsal Coalition	1	DOID:4 ! disease
OMIM:186860	0	
OMIM:186960	0	
OMIM:187000 ! Teeth, Odd Shapes Of	1	DOID:4 ! disease
OMIM:187040	0	
OMIM:187050 ! Teeth Present at Birth	1	DOID:4 ! disease
OMIM:187100 ! Tooth, Supernumerary	1	DOID:4 ! disease
OMIM:187260 ! Telangiectasia, Hereditary Benign	1	DOID:4 ! disease
OMIM:187350 ! Telecanthus	1	DOID:4 ! disease
OMIM:187501 ! Tetralogy of fallot and glaucoma	1	DOID:4 ! disease
OMIM:187750 ! Thoracic Dysostosis, Isolated	1	DOID:4 ! disease
OMIM:188100 ! Thumb deformity	1	DOID:4 ! disease
OMIM:188560 ! Thyroid hormone plasma membrane transport defect	1	DOID:4 ! disease
OMIM:188770	0	
OMIM:188800 ! Tibial Torsion, Bilateral Medial	1	DOID:4 ! disease
OMIM:189000 ! Toe, Fifth, Number of Phalanges 1N	1	DOID:4 ! disease
OMIM:189100 ! Toe, Misshapen	1	DOID:4 ! disease
OMIM:189150 ! Toe, Rotated Fifth	1	DOID:4 ! disease
OMIM:189200 ! Toes, Relative Length of First and Second	1	DOID:4 ! disease
OMIM:189230 ! Toes, Space Between First and Second	1	DOID:4 ! disease
OMIM:189300	0	
OMIM:189490 ! Malposition of Teeth With or Without Hypodontia/Oligodontia	1	DOID:4 ! disease
OMIM:189600 ! Torticollis	1	DOID:4 ! disease
OMIM:189700 ! Torus Palatinus and Torus Mandibularis	1	DOID:4 ! disease
OMIM:189980	0	
OMIM:189990	0	
OMIM:190200 ! Tremor of Intention, Ataxia, and Lipofuscinosis	1	DOID:4 ! disease
OMIM:190330 ! Trichomegaly	1	DOID:4 ! disease
OMIM:190340 ! Discoid Fibromas, Familial Multiple	1	DOID:4 ! disease
OMIM:190345 ! Trichoepitheliomas, Multiple Desmoplastic	1	DOID:4 ! disease
OMIM:190410 ! Trigger Finger Disorder	1	DOID:4 ! disease
OMIM:190420 ! Triglyceride Storage Disease, Type I	2	DC:0000605 ! Triglyceride Storage Disease,DOID:4 ! disease
OMIM:190430 ! Triglyceride Storage Disease, Type II	2	DC:0000605 ! Triglyceride Storage Disease,DOID:4 ! disease
OMIM:190500 ! Triphalangeal Thumb with Double Phalanges	1	DOID:4 ! disease
OMIM:190600 ! Triphalangeal thumb non opposable	1	DOID:4 ! disease
OMIM:190800 ! Tristichiasis	1	DOID:4 ! disease
OMIM:190920	0	
OMIM:191150 ! Tuftsin Deficiency	1	DOID:4 ! disease
OMIM:191160	0	
OMIM:191200 ! Tune Deafness	1	DOID:4 ! disease
OMIM:191500 ! Undritz Anomaly	1	DOID:4 ! disease
OMIM:191530 ! Urate-Binding Globulin, Decrease in	1	DOID:4 ! disease
OMIM:191540	0	
OMIM:191550 ! Ureter, Bifid Or Double	1	DOID:4 ! disease
OMIM:191700 ! Urolithiasis, Uric Acid, Autosomal Dominant	1	DOID:4 ! disease
OMIM:191800 ! Urinary Bladder, Atony of	1	DOID:4 ! disease
OMIM:191850 ! Urticaria, Aquagenic	1	DOID:4 ! disease
OMIM:191950 ! Urticaria, Familial Localized Heat	1	DOID:4 ! disease
OMIM:192000 ! Uterine Anomalies	1	DOID:4 ! disease
OMIM:192100 ! Uvula, Bifid	1	DOID:4 ! disease
OMIM:192310 ! Vasculitis, Lymphocytic, Nodular	1	DOID:4 ! disease
OMIM:192605 ! Tachycardia, Ventricular	1	DOID:4 ! disease
OMIM:192700 ! Venular Insufficiency, Systemic	1	DOID:4 ! disease
OMIM:192900 ! Vertebral Hypoplasia With Lumbar Kyphosis	1	DOID:4 ! disease
OMIM:193005 ! Vestibulocochlear Dysfunction, Progressive	1	DOID:4 ! disease
OMIM:193050 ! Vibratory angioedema	1	DOID:4 ! disease
OMIM:193450 ! Vulvovaginitis, Allergic Seminal	1	DOID:4 ! disease
OMIM:193520 ! Watson Syndrome	1	DOID:4 ! disease
OMIM:194000 ! Widow'S Peak	1	DOID:4 ! disease
OMIM:194320 ! Woronets Trait	1	DOID:4 ! disease
OMIM:194533	0	
OMIM:200300 ! Acetophenetidin Sensitivity	1	DOID:4 ! disease
OMIM:201310 ! Acrorenal syndrome recessive	2	DC:0000465 ! Acrorenal Syndrome,DOID:4 ! disease
OMIM:202200 ! Familial Glucocorticoid Deficiency 1	2	DC:0000175 ! Glucocorticoid Deficiency,DOID:4 ! disease
OMIM:202355 ! Adrenocortical Unresponsiveness To Acth With Postreceptor Defect	2	DC:0000175 ! Glucocorticoid Deficiency,DOID:4 ! disease
OMIM:202600 ! Agenesis of Cerebral White Matter	1	DOID:4 ! disease
OMIM:203760 ! Alpha-2-Deficient Collagen Disease	1	DOID:4 ! disease
OMIM:204730 ! Amino Aciduria with Mental Deficiency, Dwarfism, Muscular Dystrophy, Osteoporosis, and Acidosis	1	DOID:4 ! disease
OMIM:204800 ! Amobarbital, Deficient N-Hydroxylation of	1	DOID:4 ! disease
OMIM:204850 ! Amyloidosis of Gingiva and Conjunctiva, with Mental Retardation	1	DOID:4 ! disease
OMIM:204900 ! Amyloidosis, Cutaneous Bullous	1	DOID:4 ! disease
OMIM:205000 ! Amyotonia Congenita	1	DOID:4 ! disease
OMIM:206570 ! Angiomatosis, diffuse corticomeningeal, of Divry and Van Bogaert	1	DOID:4 ! disease
OMIM:207000 ! Anosmia for Isobutyric Acid	1	DOID:4 ! disease
OMIM:207300 ! Antithrombin, Familial Hemorrhagic Diathesis due to	1	DOID:4 ! disease
OMIM:208060 ! Arteriosclerosis, Severe Juvenile	1	DOID:4 ! disease
OMIM:208080 ! Arthrogryposis, distal, with hypopituitarism, mental retardation, and facial anomalies	1	DOID:4 ! disease
OMIM:208081 ! Arthrogryposis, Distal, with Mental Retardation and Characteristic Facies	1	DOID:4 ! disease
OMIM:208250 ! Camptodactyly-Arthropathy-Coxa Vara-Pericarditis Syndrome	1	DOID:4 ! disease
OMIM:208550 ! Asthma, Nasal Polyps, And Aspirin Intolerance	1	DOID:4 ! disease
OMIM:208600 ! Asthma, Short Stature, and Elevated IgA	1	DOID:4 ! disease
OMIM:208700 ! Ataxia with Myoclonic Epilepsy and Presenile Dementia	1	DOID:4 ! disease
OMIM:208750 ! Ataxia, Deafness, and Cardiomyopathy	1	DOID:4 ! disease
OMIM:208870 ! Ataxia-Microcephaly-Cataract Syndrome	1	DOID:4 ! disease
OMIM:209050 ! Athrombia, Essential	1	DOID:4 ! disease
OMIM:209100 ! Atonic-Astatic Syndrome of Foerster	1	DOID:4 ! disease
OMIM:209600 ! Heart Block	1	DOID:4 ! disease
OMIM:209800	0	
OMIM:210050 ! Berry Aneurysm, Cirrhosis, Pulmonary Emphysema, and Cerebral Calcification	1	DOID:4 ! disease
OMIM:210100 ! Beta-Aminoisobutyric Acid, Urinary Excretion of	1	DOID:4 ! disease
OMIM:210400 ! Bifid nose	2	DC:0000479 ! Bifid Nose,DOID:4 ! disease
OMIM:210550 ! Lutz Richner Landolt syndrome	1	DOID:4 ! disease
OMIM:210750	0	
OMIM:211100	0	
OMIM:211200 ! Bowen syndrome	1	DOID:4 ! disease
OMIM:211369 ! Brachydactyly, Type A2, With Microcephaly	1	DOID:4 ! disease
OMIM:211500 ! Fazio-Londe Disease	1	DOID:4 ! disease
OMIM:211930 ! Camptodactyly, fibrous tissue hyperplasia, and skeletal dysplasia	1	DOID:4 ! disease
OMIM:212060 ! Carbimazole Sensitivity	1	DOID:4 ! disease
OMIM:212067 ! Congenital Disorder Of Glycosylation, Type I/IIX	1	DOID:4 ! disease
OMIM:212070 ! Carboxypeptidase N Deficiency	1	DOID:4 ! disease
OMIM:212090 ! Cardiac Septal Defects with Coarctation of the Aorta	1	DOID:4 ! disease
OMIM:212093 ! Cardiac Valvular Defect, Developmental	1	DOID:4 ! disease
OMIM:212100 ! Cardioauditory syndrome of Sanchez Cascos	1	DOID:4 ! disease
OMIM:212130 ! Cardiomyopathy Associated With Myopathy And Sudden Death	1	DOID:4 ! disease
OMIM:212160 ! Myopathic carnitine deficiency	1	DOID:4 ! disease
OMIM:212540 ! CAMFAK syndrome	1	DOID:4 ! disease
OMIM:212790 ! Premature Centromere Division	1	DOID:4 ! disease
OMIM:212800 ! Cephalin Lipidosis	1	DOID:4 ! disease
OMIM:212850 ! Cerebellar Ataxia and Neurosensory Deafness	1	DOID:4 ! disease
OMIM:212890 ! Cerebellar Ataxia, Benign, with Thermoanalgesia	1	DOID:4 ! disease
OMIM:213100 ! Cerebelloparenchymal Disorder 2	2	DC:0000491 ! Cerebelloparenchymal Disorder,DOID:4 ! disease
OMIM:213500 ! Cerebral Angiopathy, Dysphoric	1	DOID:4 ! disease
OMIM:213950 ! Cerebrocortical Degeneration of Infancy	1	DOID:4 ! disease
OMIM:214290 ! Cervical Vertebrae, Agenesis Of	1	DOID:4 ! disease
OMIM:214350 ! Curly hair-ankyloblepharon-nail dysplasia syndrome	1	DOID:4 ! disease
OMIM:214980 ! Cholestasis with Gallstone, Ataxia, and Visual Disturbance	1	DOID:4 ! disease
OMIM:215030 ! Cholesterol pneumonia	1	DOID:4 ! disease
OMIM:215050 ! Chondrodysplasia Calcificans Metaphysealis	2	DC:0000080 ! Chondrodysplasia,DOID:4 ! disease
OMIM:215250 ! Chondroitin-6-Sulfaturia, Defective Cellular Immunity, Nephrotic Syndrome	1	DOID:4 ! disease
OMIM:215480 ! Choroid plexus calcification with mental retardation	1	DOID:4 ! disease
OMIM:215510 ! Chromosomal Instability with Tissue-Specific Radiosensitivity	1	DOID:4 ! disease
OMIM:215550 ! Circumvallate Placenta Syndrome	1	DOID:4 ! disease
OMIM:215720 ! Citrulline transport defect	1	DOID:4 ! disease
OMIM:216920 ! Combined Inflammatory and Immunologic Defect	1	DOID:4 ! disease
OMIM:217030	0	
OMIM:217050	0	
OMIM:217200 ! Convulsive Disorder, Familial, with Prenatal or Early Onset	1	DOID:4 ! disease
OMIM:217520 ! Corneal Degeneration, Band-Shaped Spheroid	1	DOID:4 ! disease
OMIM:217990 ! Agenesis of Corpus Callosum	1	DOID:4 ! disease
OMIM:218050 ! Cramps, Familial Adolescent	1	DOID:4 ! disease
OMIM:218100 ! Cranial Nerves, Congenital Paresis Of	1	DOID:4 ! disease
OMIM:218200 ! Cranial Nerves, Recurrent Paresis Of	1	DOID:4 ! disease
OMIM:218530 ! Craniosynostosis with Anomalies of the Cranial Base and Digits	1	DOID:4 ! disease
OMIM:218649 ! Craniosynostosis-Mental Retardation Syndrome of Lin and Gettig	1	DOID:4 ! disease
OMIM:218650 ! Craniosynostosis Mental Retardation Clefting Syndrome	1	DOID:4 ! disease
OMIM:219070 ! Curved Nail of Fourth Toe	1	DOID:4 ! disease
OMIM:219300 ! Cutis Verticis Gyrata and Mental Retardation	1	DOID:4 ! disease
OMIM:219400 ! Cyanosis and Hepatic Disease	1	DOID:4 ! disease
OMIM:219550 ! Cysteine Peptiduria	1	DOID:4 ! disease
OMIM:219600 ! Cystic Disease Of Lung	1	DOID:4 ! disease
OMIM:219730 ! Cystic Kidney Disease with Ventriculomegaly	1	DOID:4 ! disease
OMIM:220300 ! Deafness, Congenital, and Familial Myoclonic Epilepsy	1	DOID:4 ! disease
OMIM:220900 ! Deafness, Congenital, with Total Albinism	1	DOID:4 ! disease
OMIM:221300 ! Deafness, Conductive, with Malformed External Ear	1	DOID:4 ! disease
OMIM:221500 ! Deafness, Neural, Congenital Moderate	1	DOID:4 ! disease
OMIM:221700 ! Deafness, Neural, with Atypical Atopic Dermatitis	1	DOID:4 ! disease
OMIM:221760	0	
OMIM:221780	0	
OMIM:221790 ! Dermatoleukodystrophy	1	DOID:4 ! disease
OMIM:221950 ! Aughton syndrome	1	DOID:4 ! disease
OMIM:222350 ! Diaminopentanuria	1	DOID:4 ! disease
OMIM:222470 ! Trichohepatoenteric Syndrome 1	2	DOID:4 ! disease,MESH:C565627 ! Trichohepatoenteric Syndrome
OMIM:222745	0	
OMIM:223200 ! Disorganization, Mouse, Homolog of	1	DOID:4 ! disease
OMIM:223300 ! Disseminated Sclerosis with Narcolepsy	1	DOID:4 ! disease
OMIM:223320 ! Diverticulosis, Small Intestinal	1	DOID:4 ! disease
OMIM:223350 ! Dohle Bodies and Leukemia	1	DOID:4 ! disease
OMIM:223380 ! Dopamine Beta-Hydroxylase, Plasma, Thermolability of	1	DOID:4 ! disease
OMIM:223500 ! Dwarfism, Low-Birth-Weight Type, with Unresponsiveness to Growth Hormone	1	DOID:4 ! disease
OMIM:223550 ! Dwarfism, Proportionate, with Hip Dislocation	1	DOID:4 ! disease
OMIM:224000 ! Dysautonomia like disorder	1	DOID:4 ! disease
OMIM:224250 ! Dysmyelination With Jaundice	1	DOID:4 ! disease
OMIM:224550 ! Dystonia with Ringbinden	1	DOID:4 ! disease
OMIM:225100 ! Ectopia Lentis 2, Isolated, Autosomal Recessive	2	DOID:4 ! disease,MESH:C536184 ! Familial ectopia lentis
OMIM:225200 ! Ectopia Lentis with Ectopia of Pupil	2	DOID:4 ! disease,MESH:C536184 ! Familial ectopia lentis
OMIM:225300 ! Split-Hand/Foot Malformation 6	2	DC:0000416 ! Split-Hand/Foot Malformation,DOID:4 ! disease
OMIM:225700 ! Encephalomalacia, Multilocular	1	DOID:4 ! disease
OMIM:225740 ! Encephalopathy, Axonal, with Necrotizing Myopathy, Cardiomyopathy, and Cataracts	1	DOID:4 ! disease
OMIM:226100 ! Endocardial Fibroelastosis and Coarctation of Abdominal Aorta	1	DOID:4 ! disease
OMIM:226150 ! Enterocolitis	1	DOID:4 ! disease
OMIM:226735 ! Epidermolysis Bullosa With Diaphragmatic Hernia	1	DOID:4 ! disease
OMIM:226800 ! Epilepsy, Photogenic, with Spastic Diplegia and Mental Retardation	1	DOID:4 ! disease
OMIM:226950 ! Epiphyseal Dysplasia of Femoral Head, Myopia, and Deafness	1	DOID:4 ! disease
OMIM:227000 ! Erythema of Acral Regions	1	DOID:4 ! disease
OMIM:227150 ! Ethanolaminosis	1	DOID:4 ! disease
OMIM:227200 ! Eunuchoidism, familial hypogonadotropic	1	DOID:4 ! disease
OMIM:227220	0	
OMIM:227240	0	
OMIM:227250 ! Facial Abnormalities, Kyphoscoliosis, and Mental Retardation	1	DOID:4 ! disease
OMIM:227255 ! Facial Dysmorphism with Multiple Malformations	1	DOID:4 ! disease
OMIM:227300 ! Factor 5 and Factor Viii, Combined Deficiency Of, 1	2	DC:0000517 ! Factor V and Factor VIII, Combined Deficiency of,DOID:4 ! disease
OMIM:227310 ! Factor 5 and Factor Viii, Combined Deficiency Of, With Normal Protein C and Protein C Inhibitor	2	DC:0000517 ! Factor V and Factor VIII, Combined Deficiency of,DOID:4 ! disease
OMIM:227320 ! Facio thoraco genital syndrome	1	DOID:4 ! disease
OMIM:227850 ! Fanconi like syndrome	1	DOID:4 ! disease
OMIM:228100 ! Visceral Steatosis, Congenital	1	DOID:4 ! disease
OMIM:228400 ! Fever, Familial Lifelong Persistent	1	DOID:4 ! disease
OMIM:228520 ! Fibrochondrogenesis 1	2	DOID:4 ! disease,MESH:C562524 ! Fibrochondrogenesis
OMIM:228550 ! Myofibromatosis, Infantile, 1	2	DOID:4 ! disease,MESH:C562978 ! Fibromatosis, Congenital Generalized
OMIM:229230 ! Fraser-Like Syndrome	1	DOID:4 ! disease
OMIM:229250 ! Freesia Flowers, Inability to Smell	1	DOID:4 ! disease
OMIM:229310 ! Friedreich ataxia congenital glaucoma	1	DOID:4 ! disease
OMIM:229500 ! Fructose and Galactose Intolerance	1	DOID:4 ! disease
OMIM:230300 ! Galactorrhea	1	DOID:4 ! disease
OMIM:231050 ! Geleophysic Dysplasia 1	2	DC:0000524 ! Geleophysic Dysplasia,DOID:4 ! disease
OMIM:231630 ! Glutamate Monosodium Sensitivity	1	DOID:4 ! disease
OMIM:231970 ! Gluteal Muscles, Absence of	1	DOID:4 ! disease
OMIM:232900 ! Glycoprotein Storage Disease	1	DOID:4 ! disease
OMIM:233270 ! GOMBO syndrome	1	DOID:4 ! disease
OMIM:233600 ! Granulocytopenia with Immunoglobulin Abnormality	1	DOID:4 ! disease
OMIM:233800 ! Grouped Pigmentation of the Retina	1	DOID:4 ! disease
OMIM:234350 ! Halothane Hepatitis	1	DOID:4 ! disease
OMIM:234800 ! Hemangiomatosis, Cutaneous, with Associated Features	1	DOID:4 ! disease
OMIM:235750 ! Hirschsprung Disease with Ulnar Polydactyly, Polysyndactyly of Big Toes, and Ventricular Septal Defect	1	DOID:4 ! disease
OMIM:235830 ! Histidinuria renal tubular defect	1	DOID:4 ! disease
OMIM:235900 ! Histiocytosis, Familial Lipochrome	1	DOID:4 ! disease
OMIM:236300 ! Hooft disease	1	DOID:4 ! disease
OMIM:236410 ! Humeroradial Synostosis with Craniofacial Anomalies	1	DOID:4 ! disease
OMIM:236450 ! Hutterite cerebroosteonephrodysplasia syndrome	1	DOID:4 ! disease
OMIM:236500 ! Hydranencephaly with Renal Aplasia-Dysplasia	1	DOID:4 ! disease
OMIM:237000 ! Hydroxyprolinemia	1	DOID:4 ! disease
OMIM:237100 ! Hymen, Imperforate	1	DOID:4 ! disease
OMIM:238340 ! Hyperleucine-Isoleucinemia	1	DOID:4 ! disease
OMIM:238350 ! Hyperlexia	1	DOID:4 ! disease
OMIM:238750 ! Hyperlysinuria With Hyperammonemia	1	DOID:4 ! disease
OMIM:238800 ! Hypermetabolism due to Defect in Mitochondria	1	DOID:4 ! disease
OMIM:238950 ! Hyperopia, High	1	DOID:4 ! disease
OMIM:239199 ! Hyperparathyroidism, Neonatal Self-Limited Primary, With Hypercalciuria	1	DOID:4 ! disease
OMIM:239350 ! Hyperphosphatemia, Polyuria, and Seizures	1	DOID:4 ! disease
OMIM:239711 ! Hypertelorism and tetralogy of Fallot	1	DOID:4 ! disease
OMIM:239900 ! Hypertrophic Neuropathy And Cataract	1	DOID:4 ! disease
OMIM:240000 ! Hyperuricemia, Infantile, with Abnormal Behavior and Normal Hypoxanthine Guanine Phosphoribosyltransferase	1	DOID:4 ! disease
OMIM:240150 ! Hypervitaminosis A, Susceptibility to	1	DOID:4 ! disease
OMIM:240800 ! Hypoglycemia, leucine-induced	1	DOID:4 ! disease
OMIM:241000 ! Hypogonadism with Low-Grade Mental Deficiency and Microcephaly	1	DOID:4 ! disease
OMIM:241120 ! Hypohidrosis With Abnormal Palmar Dermal Ridges	1	DOID:4 ! disease
OMIM:241150 ! Hypokalemic Alkalosis, Familial, With Specific Renal Tubulopathy	1	DOID:4 ! disease
OMIM:241519 ! Hypophosphatemia, Renal, with Intracerebral Calcifications	1	DOID:4 ! disease
OMIM:241600 ! Hypoproteinemia, Hypercatabolic	1	DOID:4 ! disease
OMIM:241800 ! Hypothalamic hamartomas	1	DOID:4 ! disease
OMIM:242550 ! Ichthyosis, Split Hairs, and Amino Aciduria	1	DOID:4 ! disease
OMIM:242870 ! Immunodeficiency, Partial Combined, with Absence of HLA Determinants and Beta-2-Microglobulin from Lymphocytes	1	DOID:4 ! disease
OMIM:242880 ! Immunoerythromyeloid Hypoplasia	1	DOID:4 ! disease
OMIM:242890 ! Immunoglobulin D Level 1N Plasma, Low	1	DOID:4 ! disease
OMIM:243050 ! Indolylacroyl Glycinuria with Mental Retardation	1	DOID:4 ! disease
OMIM:243080 ! Inosine Phosphorylase Deficiency, Immune Defect Due To	1	DOID:4 ! disease
OMIM:243100 ! Internal Carotid Arteries, Hypoplasia of	1	DOID:4 ! disease
OMIM:243400 ! Acetylation, Slow	1	DOID:4 ! disease
OMIM:243450 ! Isovaleric Acid, Inability to Smell	1	DOID:4 ! disease
OMIM:244100 ! Jumping Frenchman of Maine	1	DOID:4 ! disease
OMIM:244600 ! Keratoconus posticus circumscriptus	1	DOID:4 ! disease
OMIM:245130 ! Ketoadipicaciduria	1	DOID:4 ! disease
OMIM:245160 ! Kniest-Like Dysplasia with Pursed Lips and Ectopia Lentis	1	DOID:4 ! disease
OMIM:245180 ! Kifafa seizure disorder	1	DOID:4 ! disease
OMIM:245300 ! Kuru, Susceptibility to	1	DOID:4 ! disease
OMIM:245450 ! Lactic Aciduria due to D-Lactic Acid	1	DOID:4 ! disease
OMIM:245552 ! Lambotte syndrome	1	DOID:4 ! disease
OMIM:246470 ! Leukemia, Acute Myelocytic, with Polyposis Coli and Colon Cancer	1	DOID:4 ! disease
OMIM:246570 ! Fibular Aplasia, Tibial Campomelia, and Oligosyndactyly Syndrome	1	DOID:4 ! disease
OMIM:246650 ! Lipase deficiency combined	1	DOID:4 ! disease
OMIM:247150 ! Lip Prints	1	DOID:4 ! disease
OMIM:247420	0	
OMIM:247430 ! Lymphoblastic Transformation, Inhibition of	1	DOID:4 ! disease
OMIM:247450 ! Lymphoblastic Transformation, Intrinsic Defect in	1	DOID:4 ! disease
OMIM:247630 ! Lymphoid System Deterioration, Progressive	1	DOID:4 ! disease
OMIM:247800 ! Lymphopenic Hypergammaglobulinemia, Antibody Deficiency, Autoimmune Hemolytic Anemia, and Glomerulonephritis	1	DOID:4 ! disease
OMIM:247950 ! Lysine Malabsorption Syndrome	1	DOID:4 ! disease
OMIM:247980	0	
OMIM:248010 ! Macroepiphyseal dysplasia, McAlister Coe type	1	DOID:4 ! disease
OMIM:248100 ! Macrosomia Adiposa Congenita	1	DOID:4 ! disease
OMIM:248260 ! Magnesium, Elevated Red Cell	1	DOID:4 ! disease
OMIM:248400 ! Mandibulofacial Dysostosis with Mental Deficiency	1	DOID:4 ! disease
OMIM:249230 ! Megaepiphyseal dwarfism	1	DOID:4 ! disease
OMIM:249240 ! Megalencephaly with Dysmyelination	1	DOID:4 ! disease
OMIM:249660 ! Mesangial Sclerosis, Diffuse Renal, with Ocular Abnormalities	1	DOID:4 ! disease
OMIM:249670 ! Mexican Cardiomelic Dysplasia	1	DOID:4 ! disease
OMIM:250450 ! Metaphyseal Dysplasia, Anetoderma, and Optic Atrophy	1	DOID:4 ! disease
OMIM:250460 ! Metaphyseal Dysplasia without Hypotrichosis	1	DOID:4 ! disease
OMIM:250500 ! Roy Maroteaux Kremp syndrome	1	DOID:4 ! disease
OMIM:250650 ! Methane Production	1	DOID:4 ! disease
OMIM:250900 ! Methionine Malabsorption Syndrome	1	DOID:4 ! disease
OMIM:251230 ! Microcephaly-Micromelia Syndrome	1	DOID:4 ! disease
OMIM:251280 ! Microcephaly with spastic quadriplegia	1	DOID:4 ! disease
OMIM:251400 ! Microcolon	1	DOID:4 ! disease
OMIM:251450 ! Desbuquois syndrome	2	DC:0000623 ! Desbuquois Dysplasia,DOID:4 ! disease
OMIM:251700 ! Microphthalmia With Hyperopia, Retinal Degeneration, Macrophakia, And Dental Anomalies	1	DOID:4 ! disease
OMIM:251800 ! Microtia, meatal atresia and conductive deafness	1	DOID:4 ! disease
OMIM:252270 ! Monosomy 7 of Bone Marrow	1	DOID:4 ! disease
OMIM:253240 ! Mucus Inspissation of Respiratory Tract	1	DOID:4 ! disease
OMIM:253590 ! Muscular Dystrophy, Adult-Onset, with Leukoencephalopathy	1	DOID:4 ! disease
OMIM:254120 ! Muscular Hypertonia, Lethal	1	DOID:4 ! disease
OMIM:254150 ! Musk, Inability to Smell	1	DOID:4 ! disease
OMIM:254700 ! Myeloproliferative Disease, Autosomal Recessive	1	DOID:4 ! disease
OMIM:254950 ! Myopathy, Granulovacuolar Lobular, with Electrical Myotonia	1	DOID:4 ! disease
OMIM:254960 ! Myopathy due to Malate-Aspartate Shuttle Defect	1	DOID:4 ! disease
OMIM:255100 ! Myopathy with Abnormal Lipid Metabolism	1	DOID:4 ! disease
OMIM:255140 ! Myopathy with Giant Abnormal Mitochondria	1	DOID:4 ! disease
OMIM:256520 ! Neu-Laxova Syndrome 1	2	DOID:4 ! disease,MESH:C536405 ! Neu Laxova syndrome
OMIM:256720 ! Neurologic Disease, Infantile Multisystem, with Osseous Fragility	1	DOID:4 ! disease
OMIM:256870 ! Neuropathy, Painful	1	DOID:4 ! disease
OMIM:257000 ! Neurovisceral Storage Disease with Curvilinear Bodies	1	DOID:4 ! disease
OMIM:257150 ! Neutrophil Actin Dysfunction	1	DOID:4 ! disease
OMIM:257300 ! Mosaic variegated aneuploidy syndrome	2	DC:0000564 ! Mosaic Variegated Aneuploidy Syndrome,DOID:4 ! disease
OMIM:257400 ! Nystagmus, Congenital, Autosomal Recessive	2	DC:0000328 ! Nystagmus,DOID:4 ! disease
OMIM:257500 ! Obesity Hypoventilation Syndrome	1	DOID:4 ! disease
OMIM:257600 ! Ocular Myopathy with Curare Sensitivity	1	DOID:4 ! disease
OMIM:257790 ! Oculocerebral hypopigmentation syndrome type Preus	1	DOID:4 ! disease
OMIM:257970 ! Oculorenocerebellar syndrome	1	DOID:4 ! disease
OMIM:258300 ! Olivopontocerebellar Atrophy II, Autosomal Recessive	1	DOID:4 ! disease
OMIM:258360 ! Onychotrichodysplasia and neutropenia	1	DOID:4 ! disease
OMIM:258400 ! Ophthalmoplegia Totalis with Ptosis and Miosis	1	DOID:4 ! disease
OMIM:258470 ! Ophthalmoplegic Neuromuscular Disorder with Abnormal Mitochondria	1	DOID:4 ! disease
OMIM:258501 ! Costeff optic atrophy syndrome	2	DC:0000004 ! 3-Methylglutaconic Aciduria,DOID:4 ! disease
OMIM:258650 ! Optic Atrophy, Hearing Loss, and Peripheral Neuropathy, Autosomal Recessive	1	DOID:4 ! disease
OMIM:258660 ! Nonarteritic Anterior Ischemic Optic Neuropathy, Susceptibility to	1	DOID:4 ! disease
OMIM:258700 ! Opticocochleodentate Degeneration	1	DOID:4 ! disease
OMIM:258800 ! Oral Sensibility, Disturbance of	1	DOID:4 ! disease
OMIM:259270 ! Osteodysplasty, Precocious, Of Danks, Mayne, And Kozlowski	1	DOID:4 ! disease
OMIM:259550 ! Osteoma, Osteoid	1	DOID:4 ! disease
OMIM:259650 ! Osteoma of Middle Ear	1	DOID:4 ! disease
OMIM:259660 ! Osteomalacia, Sclerosing, with Cerebral Calcification	1	DOID:4 ! disease
OMIM:259780 ! Otoonychoperoneal Syndrome	1	DOID:4 ! disease
OMIM:260100 ! Pa Polymorphism of Alpha-2-Globulin	1	DOID:4 ! disease
OMIM:260150 ! Palant cleft palate syndrome	1	DOID:4 ! disease
OMIM:260200 ! Pallidal Degeneration, Progressive, with Retinitis Pigmentosa	1	DOID:4 ! disease
OMIM:260450 ! Pancreatic Insufficiency, Combined Exocrine	1	DOID:4 ! disease
OMIM:260480 ! Pancreatitis, Sclerosing Cholangitis, and Sicca Complex	1	DOID:4 ! disease
OMIM:260570 ! Pelger-Huet-Like Anomaly and Episodic Fever with Abdominal Pain	1	DOID:4 ! disease
OMIM:260900 ! Pericardial Effusion, Chronic	1	DOID:4 ! disease
OMIM:260950 ! Chronic Periodontitis	1	DOID:4 ! disease
OMIM:260970 ! Peripheral Neuropathy, Ataxia, Focal Necrotizing Encephalopathy, and Spongy Degeneration of Brain	1	DOID:4 ! disease
OMIM:261400 ! Peroneus Tertius Muscle, Absence of	1	DOID:4 ! disease
OMIM:261500	0	
OMIM:261590 ! Phenformin 4-Hydroxylation	1	DOID:4 ! disease
OMIM:262710 ! Pituitary Dwarfism with Large Sella Turcica	1	DOID:4 ! disease
OMIM:262800 ! Plasma Clot Retraction Factor, Deficiency of	1	DOID:4 ! disease
OMIM:262875 ! Platelet Prostacyclin Receptor Defect	1	DOID:4 ! disease
OMIM:262900 ! Pleoconial Myopathy with Salt Craving	1	DOID:4 ! disease
OMIM:263100 ! Polycystic Kidney, Cataract, and Congenital Blindness	1	DOID:4 ! disease
OMIM:263210 ! Polycystic Kidney Disease, Potter Type I, with Microbrachycephaly, Hypertelorism, and Brachymelia	1	DOID:4 ! disease
OMIM:263550 ! Infantile polymyoclonus	1	DOID:4 ! disease
OMIM:263600 ! Polysaccharide, Storage of Unusual	1	DOID:4 ! disease
OMIM:263610 ! Polyhydramnios, Chronic Idiopathic	1	DOID:4 ! disease
OMIM:264060 ! Prepapillary Vascular Loops	1	DOID:4 ! disease
OMIM:264080 ! Progesterone Resistance	1	DOID:4 ! disease
OMIM:264110 ! Prolactin Deficiency, Isolated	1	DOID:4 ! disease
OMIM:264120 ! Prolactin Deficiency with Obesity and Enlarged Testes	1	DOID:4 ! disease
OMIM:264140 ! Prune Belly Syndrome with Pulmonic Stenosis, Mental Retardation, and Deafness	1	DOID:4 ! disease
OMIM:264500 ! Pseudouridinuria and Mental Defect	1	DOID:4 ! disease
OMIM:265200 ! Pulmonary Bullae Causing Pneumothorax	1	DOID:4 ! disease
OMIM:265850 ! Pygmy	1	DOID:4 ! disease
OMIM:265950 ! Pyloric Atresia	1	DOID:4 ! disease
OMIM:266140 ! Pyropoikilocytosis, Hereditary	1	DOID:4 ! disease
OMIM:266250 ! Radiculoneuropathy, Fatal Neonatal	1	DOID:4 ! disease
OMIM:266300	0	
OMIM:266350 ! Red skin pigment anomaly of New Guinea	1	DOID:4 ! disease
OMIM:266400 ! Reese Retinal Dysplasia	1	DOID:4 ! disease
OMIM:266810 ! Renal and Mullerian Duct Hypoplasia	1	DOID:4 ! disease
OMIM:267480 ! Respiratory Underresponsiveness to Hypoxia and Hypercapnia	1	DOID:4 ! disease
OMIM:267740 ! Retinal Degeneration and Epilepsy	1	DOID:4 ! disease
OMIM:267900 ! Frenkel Russe syndrome	1	DOID:4 ! disease
OMIM:268010 ! Retinitis Pigmentosa Inversa with Deafness	1	DOID:4 ! disease
OMIM:268050 ! Mirhosseini-Holmes-Walton syndrome	1	DOID:4 ! disease
OMIM:268500 ! Rowley-Rosenberg syndrome	1	DOID:4 ! disease
OMIM:268650 ! Rudiger Syndrome	1	DOID:4 ! disease
OMIM:269300 ! Craniometadiaphyseal Dysplasia	1	DOID:4 ! disease
OMIM:269630 ! Second Metatarsal-Metacarpal Syndrome	1	DOID:4 ! disease
OMIM:269800 ! Senile Plaque Formation	1	DOID:4 ! disease
OMIM:269870 ! Short Stature-Obesity Syndrome	1	DOID:4 ! disease
OMIM:270220 ! Sjogren-Larsson-like syndrome	1	DOID:4 ! disease
OMIM:270350 ! Skunk N-Butylmercaptan, Inability to Smell	1	DOID:4 ! disease
OMIM:270425 ! Sodium-Potassium-Atpase Activity of Red Cell	1	DOID:4 ! disease
OMIM:270500 ! Ataxia, Spastic, Childhood-Onset, Autosomal Recessive, With Optic Atrophy and Mental Retardation	1	DOID:4 ! disease
OMIM:270900 ! Spastic Pseudosclerosis	1	DOID:4 ! disease
OMIM:271109 ! Spinal Muscular Atrophy with Mental Retardation	1	DOID:4 ! disease
OMIM:271110 ! Spinal Muscular Atrophy with Microcephaly and Mental Subnormality	1	DOID:4 ! disease
OMIM:271225 ! Spinal Muscular Atrophy, Type I, with Congenital Bone Fractures	1	DOID:4 ! disease
OMIM:271322 ! Spinocerebellar Degeneration With Slow Eye Movements	1	DOID:4 ! disease
OMIM:271500 ! Splenoportal Vascular Anomalies	1	DOID:4 ! disease
OMIM:271640 ! Spondyloepimetaphyseal Dysplasia With Joint Laxity, Type 1, With or Without Fractures	2	DOID:4 ! disease,MESH:C562968 ! Spondyloepimetaphyseal Dysplasia With Joint Laxity
OMIM:272000 ! Sucrosuria, Hiatus Hernia and Mental Retardation	1	DOID:4 ! disease
OMIM:272150 ! Sugarman Brachydactyly	1	DOID:4 ! disease
OMIM:272370	0	
OMIM:272450 ! Laplane Fontaine Lagardere syndrome	1	DOID:4 ! disease
OMIM:272620 ! Tardive Dyskinesia	1	DOID:4 ! disease
OMIM:272650 ! Tatsumi Factor Deficiency	1	DOID:4 ! disease
OMIM:273000 ! Teeth, Fused	1	DOID:4 ! disease
OMIM:273120 ! Teratoma, Pineal	1	DOID:4 ! disease
OMIM:273150 ! Testes, Rudimentary	1	DOID:4 ! disease
OMIM:273390 ! Tetra amelia with ectodermal dysplasia and lacrimal duct abnormalities	1	DOID:4 ! disease
OMIM:273600 ! Thalidomide Susceptibility	1	DOID:4 ! disease
OMIM:273770 ! Threoninemia	1	DOID:4 ! disease
OMIM:274200 ! Thumb, Distal Hyperextensibility of	1	DOID:4 ! disease
OMIM:274210 ! Thymic Aplasia with Fetal Death	1	DOID:4 ! disease
OMIM:274700 ! Thyroid Dyshormonogenesis 3	2	DC:0000436 ! Thyroid Dyshormonogenesis,DOID:4 ! disease
OMIM:274800 ! Thyroid Dyshormonogenesis 4	2	DC:0000436 ! Thyroid Dyshormonogenesis,DOID:4 ! disease
OMIM:275190 ! Tiglic acidemia	1	DOID:4 ! disease
OMIM:275230 ! Tibia, Absence of, with Congenital Deafness	1	DOID:4 ! disease
OMIM:275240 ! Tinea Imbricata, Susceptibility to	1	DOID:4 ! disease
OMIM:275250 ! Tongue, Pigmented Fungiform Papillae of	1	DOID:4 ! disease
OMIM:275370 ! Tricarboxylic Acid Cycle, Defect of	1	DOID:4 ! disease
OMIM:275550	0	
OMIM:276100 ! Tryptophanuria With Dwarfism	1	DOID:4 ! disease
OMIM:276200 ! T-Substance Anomaly	1	DOID:4 ! disease
OMIM:276800 ! Tyrosinosis	1	DOID:4 ! disease
OMIM:276822 ! Ulnar Agenesis and Endocardial Fibroelastosis	1	DOID:4 ! disease
OMIM:277100 ! Valinemia	1	DOID:4 ! disease
OMIM:277150 ! Van Bogaert-Hozay syndrome	1	DOID:4 ! disease
OMIM:277465 ! Vitiligo, Progressive, with Mental Retardation and Urethral Duplication	1	DOID:4 ! disease
OMIM:278100 ! Wolman Disease with Hypolipoproteinemia and Acanthocytosis	1	DOID:4 ! disease
OMIM:278800 ! De Sanctis-Cacchione syndrome	1	DOID:4 ! disease
OMIM:278900 ! Xylosidase Deficiency	1	DOID:4 ! disease
OMIM:300033	0	
OMIM:300082 ! Cognitive Function 1, Social	1	DOID:4 ! disease
OMIM:300087	0	
OMIM:300158 ! Arthrogryposis, Congenital, Lower Limb, X-Linked	1	DOID:4 ! disease
OMIM:300211 ! Episodic Muscle Weakness, X-Linked	1	DOID:4 ! disease
OMIM:300280 ! Uruguay Faciocardiomusculoskeletal Syndrome	1	DOID:4 ! disease
OMIM:300290	0	
OMIM:300488	0	
OMIM:300602 ! Clark-Baraitser syndrome	1	DOID:4 ! disease
OMIM:300619 ! Cataracts, ataxia, short stature, and mental retardation	1	DOID:4 ! disease
OMIM:300622 ! Tn Syndrome	1	DOID:4 ! disease
OMIM:300640 ! Invasive Pneumococcal Disease, Recurrent Isolated, 2	2	DC:0000227 ! Invasive Pneumococcal Disease, Recurrent Isolated,DOID:4 ! disease
OMIM:300719 ! Deafness, Cataract, Retinitis Pigmentosa, And Sperm Abnormalities	1	DOID:4 ! disease
OMIM:300867 ! Kabuki Syndrome 2	2	DC:0000547 ! Kabuki Syndrome,DOID:4 ! disease
OMIM:300881 ! Baratela-Scott Syndrome	2	DC:0000623 ! Desbuquois Dysplasia,DOID:4 ! disease
OMIM:301700 ! Olfaction Disorders	1	DOID:4 ! disease
OMIM:302300	0	
OMIM:302400 ! Central Incisors, Absence of	1	DOID:4 ! disease
OMIM:302650	0	
OMIM:302803 ! Charcot Marie Tooth type 1 aplasia cutis congenita	1	DOID:4 ! disease
OMIM:302900 ! Charcot-Marie-Tooth Peroneal Muscular Atrophy and Friedreich Ataxia, Combined	1	DOID:4 ! disease
OMIM:304200 ! Akesson syndrome	1	DOID:4 ! disease
OMIM:304300 ! Cyanide, Inability to Smell	1	DOID:4 ! disease
OMIM:305690 ! Genitourinary Tract Anomalies	1	DOID:4 ! disease
OMIM:306300 ! Granulomas, congenital cerebral	1	DOID:4 ! disease
OMIM:306500 ! Gynecomastia, Familial	1	DOID:4 ! disease
OMIM:306800 ! Hemophilia A with Vascular Abnormality	1	DOID:4 ! disease
OMIM:306930 ! Hemopoietic Proliferation	1	DOID:4 ! disease
OMIM:306960 ! Hhhh Syndrome	1	DOID:4 ! disease
OMIM:306995	0	
OMIM:308200 ! Ichthyosis and male hypogonadism	1	DOID:4 ! disease
OMIM:308250 ! Immunoglobulin M, Level of	1	DOID:4 ! disease
OMIM:308280 ! Impacted Teeth, Multiple	1	DOID:4 ! disease
OMIM:308500 ! Iris hypoplasia and glaucoma	1	DOID:4 ! disease
OMIM:308600 ! Jaundice, Familial Obstructive, of Infancy	1	DOID:4 ! disease
OMIM:308750 ! Spastic paraplegia with Kallmann syndrome	1	DOID:4 ! disease
OMIM:309050 ! Lutheran Suppressor, X-Linked	1	DOID:4 ! disease
OMIM:309100 ! Macular Dystrophy, X-Linked	2	DC:0000263 ! Macular Dystrophy,DOID:4 ! disease
OMIM:309200 ! Major Affective Disorder 2	2	DC:0000264 ! Major Affective Disorder,DOID:4 ! disease
OMIM:309840 ! Modifier, X-Linked, for Neurofunctional Defects	1	DOID:4 ! disease
OMIM:309850	0	
OMIM:309860	0	
OMIM:310350 ! Myelolymphatic Insufficiency	1	DOID:4 ! disease
OMIM:310700 ! Nystagmus 1, congenital, X- linked	2	DC:0000328 ! Nystagmus,DOID:4 ! disease
OMIM:310800 ! Nystagmus, Myoclonic	2	DC:0000328 ! Nystagmus,DOID:4 ! disease
OMIM:310900 ! Occipital Hair, White Lock of	1	DOID:4 ! disease
OMIM:311000 ! Ophthalmoplegia, External, and Myopia	1	DOID:4 ! disease
OMIM:311010	0	
OMIM:311030	0	
OMIM:311040	0	
OMIM:311100 ! Optic Atrophy Spastic Paraplegia Syndrome	1	DOID:4 ! disease
OMIM:311400 ! Paine syndrome	1	DOID:4 ! disease
OMIM:311790	0	
OMIM:312100 ! Lubs syndrome	1	DOID:4 ! disease
OMIM:312200 ! Radial Loop, Plain, on Right Index Finger	1	DOID:4 ! disease
OMIM:312210 ! Radiation Sensitivity of Natural Killer Activity	1	DOID:4 ! disease
OMIM:312420	0	
OMIM:312500 ! Reticuloendotheliosis, X-linked	1	DOID:4 ! disease
OMIM:313000 ! Spatial Visualization, Aptitude for	1	DOID:4 ! disease
OMIM:313350 ! Split-Hand Foot Malformation 2	2	DC:0000416 ! Split-Hand/Foot Malformation,DOID:4 ! disease
OMIM:313490 ! Taurodontism, microdontia, and dens invaginatus	1	DOID:4 ! disease
OMIM:314000 ! Thrombocytopenia with Elevated Serum Iga and Renal Disease	1	DOID:4 ! disease
OMIM:314100 ! Thumbs, Congenital Clasped	1	DOID:4 ! disease
OMIM:314200	0	
OMIM:314240 ! Tooth Size	1	DOID:4 ! disease
OMIM:314380 ! Unique Green Phenomenon	1	DOID:4 ! disease
OMIM:314570 ! Widow'S Peak Syndrome	1	DOID:4 ! disease
OMIM:314900	0	
OMIM:315000	0	
OMIM:400003	0	
OMIM:400043 ! Deafness, Y-Linked 1	1	DOID:4 ! disease
OMIM:410000	0	
OMIM:425000	0	
OMIM:425500 ! Hairy Ears, Y-Linked	1	DOID:4 ! disease
OMIM:426000	0	
OMIM:430000	0	
OMIM:475000	0	
OMIM:489500	0	
OMIM:490000	0	
OMIM:500007 ! Familial cyclic vomiting syndrome	1	DOID:4 ! disease
OMIM:515000 ! Chloramphenicol Toxicity	1	DOID:4 ! disease
OMIM:516000	0	
OMIM:516001	0	
OMIM:516005	0	
OMIM:516006	0	
OMIM:516020	0	
OMIM:516030	0	
OMIM:516050	0	
OMIM:600045	0	
OMIM:600080 ! Myelocytic leukemia-like syndrome, familial, chronic	1	DOID:4 ! disease
OMIM:600082 ! Prostatic Hyperplasia, Benign	1	DOID:4 ! disease
OMIM:600084 ! Macrocytosis, Familial	1	DOID:4 ! disease
OMIM:600093 ! Spondyloepiphyseal Dysplasia Tarda with Characteristic Facies	1	DOID:4 ! disease
OMIM:600171 ! Gonadal Agenesis	1	DOID:4 ! disease
OMIM:600257 ! Chromosome 8Q12.1-Q21.2 Deletion Syndrome	2	DOID:4 ! disease,MESH:D002872 ! Chromosome Deletion
OMIM:600263 ! Helicobacter Infections	1	DOID:4 ! disease
OMIM:600333 ! Motor Neuron Disease with Dementia and Ophthalmoplegia	1	DOID:4 ! disease
OMIM:600335 ! Succinic Acidemia	1	DOID:4 ! disease
OMIM:600343 ! Parotid Salivary Glands, Polycystic Dysgenetic Disease of	1	DOID:4 ! disease
OMIM:600351 ! Enteropathy, Familial, with Villous Edema and Immunoglobulin G2 Deficiency	1	DOID:4 ! disease
OMIM:600356 ! Pachydermodactyly, Familial	1	DOID:4 ! disease
OMIM:600399 ! Pectus Excavatum, Macrocephaly, Short Stature, Dysplastic Nails	1	DOID:4 ! disease
OMIM:600419 ! Angiokeratoma Corporis Diffusum with Arteriovenous Fistulas	1	DOID:4 ! disease
OMIM:600510 ! Glaucoma-Related Pigment Dispersion Syndrome	1	DOID:4 ! disease
OMIM:600541	0	
OMIM:600598 ! Setting-Sun Phenomenon, Familial Benign	1	DOID:4 ! disease
OMIM:600631 ! Nocturnal Enuresis	2	DC:0000133 ! Enuresis, Nocturnal,DOID:4 ! disease
OMIM:600635	0	
OMIM:600638 ! Fibrosis Of Extraocular Muscles, Congenital, 3A, with or without Extraocular Involvement	2	DOID:4 ! disease,MESH:C580012 ! Congenital Fibrosis of the Extraocular Muscles
OMIM:600670 ! Varicella, Severe Recurrent	1	DOID:4 ! disease
OMIM:600705 ! Satoyoshi syndrome	1	DOID:4 ! disease
OMIM:600706 ! Proximal Myopathy with Focal Depletion of Mitochondria	1	DOID:4 ! disease
OMIM:600771 ! Dwarfism, Familial, With Muscle Spasms	1	DOID:4 ! disease
OMIM:600808 ! Enuresis, Nocturnal, 2	2	DC:0000133 ! Enuresis, Nocturnal,DOID:4 ! disease
OMIM:600906 ! Ectodermal dysplasia mental retardation syndactyly	1	DOID:4 ! disease
OMIM:600907 ! Enamel Hypoplasia, Cataracts, and Aqueductal Stenosis	1	DOID:4 ! disease
OMIM:600908 ! Agonadism, 46,Xy, With Mental Retardation, Short Stature, Retarded Bone Age, and Multiple Extragenital Malformations	1	DOID:4 ! disease
OMIM:600952	0	
OMIM:600987 ! Cardiac Malformation, Cleft Lip-Palate, Microcephaly and Digital Anomalies	1	DOID:4 ! disease
OMIM:601004 ! Portal Vein, Cavernous Transformation Of	1	DOID:4 ! disease
OMIM:601016 ! Dincsoy Salih Patel syndrome	1	DOID:4 ! disease
OMIM:601039 ! Ichthyosis-Mental Retardation Syndrome with Large Keratohyalin Granules in the Skin	1	DOID:4 ! disease
OMIM:601088 ! Cataracts, Congenital, with Sensorineural Deafness, Down Syndrome-Like Facial Appearance, Short Stature, and Mental Retardation	1	DOID:4 ! disease
OMIM:601161 ! Trisomy 18-Like Syndrome	1	DOID:4 ! disease
OMIM:601170 ! Muscular Dystrophy, Congenital, with Severe Central Nervous System Atrophy and Absence of Large Myelinated Fibers	1	DOID:4 ! disease
OMIM:601228 ! Polyposis Syndrome, Hereditary Mixed, 1	2	DC:0000687 ! Polyposis Syndrome, Hereditary Mixed,DOID:4 ! disease
OMIM:601331 ! Renal Dysplasia, Cystic, Susceptibility to	1	DOID:4 ! disease
OMIM:601341 ! Atrophia Maculosa Varioliformis Cutis, Familial	1	DOID:4 ! disease
OMIM:601344 ! Spinal Dysplasia, Anhalt Type	1	DOID:4 ! disease
OMIM:601347 ! Myelodysplasia, Immunodeficiency, Facial Dysmorphism, Short Stature, and Psychomotor Delay	1	DOID:4 ! disease
OMIM:601348 ! Ectrodactyly of Lower Limbs, Congenital Heart Defect, and Micrognathia	1	DOID:4 ! disease
OMIM:601356 ! Short limb dwarfism Al Gazali type	1	DOID:4 ! disease
OMIM:601357 ! Brachial Amelia, Cleft Lip, and Holoprosencephaly	1	DOID:4 ! disease
OMIM:601389 ! Cervical ribs sprengel anomaly anal atresia urethral obstruction	1	DOID:4 ! disease
OMIM:601420 ! Microcephaly, corpus callosum dysgenesis and cleft lip-palate	1	DOID:4 ! disease
OMIM:601427 ! Jung Wolff Back Stahl syndrome	1	DOID:4 ! disease
OMIM:601466 ! Patent Ductus Venosus	1	DOID:4 ! disease
OMIM:601477 ! Ribbing disease	1	DOID:4 ! disease
OMIM:601552 ! Facial Dysmorphism, Lens Dislocation, Anterior Segment Abnormalities, and Spontaneous Filtering Blebs	1	DOID:4 ! disease
OMIM:601608 ! Spastic Paraplegia And Evans Syndrome	1	DOID:4 ! disease
OMIM:601616 ! Iris Pigment Epithelium Anomalies	1	DOID:4 ! disease
OMIM:601696	0	
OMIM:601700 ! Sebaceous gland hyperplasia, familial presenile	1	DOID:4 ! disease
OMIM:601708 ! Superior Transverse Scapular Ligament, Calcification Of, Familial	1	DOID:4 ! disease
OMIM:601809 ! Spondylospinal Thoracic Dysostosis	1	DOID:4 ! disease
OMIM:601811 ! Premature aging, Okamoto type	2	DOID:4 ! disease,MESH:D019588 ! Aging, Premature
OMIM:601816	0	
OMIM:601846 ! Vacuolar Neuromyopathy	1	DOID:4 ! disease
OMIM:601884	0	
OMIM:601894 ! Glomerulopathy With Fibronectin Deposits 2	2	DC:0000174 ! Glomerulopathy with Fibronectin Deposits,DOID:4 ! disease
OMIM:601976 ! Otofacioosseous-Gonadal Syndrome	1	DOID:4 ! disease
OMIM:601979 ! Hyperzincemia with Functional Zinc Depletion	1	DOID:4 ! disease
OMIM:602068 ! Leishmaniasis, Tegumentary, Susceptibility to	1	DOID:4 ! disease
OMIM:602071 ! Broad Terminal Phalanges, Familial	1	DOID:4 ! disease
OMIM:602078 ! Fibrosis Of Extraocular Muscles, Congenital, 2	2	DOID:4 ! disease,MESH:C580012 ! Congenital Fibrosis of the Extraocular Muscles
OMIM:602079 ! Trimethylaminuria	1	DOID:4 ! disease
OMIM:602197 ! Cerebellar Degeneration-Related Autoantigen 3	1	DOID:4 ! disease
OMIM:602199 ! Medium Chain 3-Ketoacyl-CoA Thiolase Deficiency	1	DOID:4 ! disease
OMIM:602200 ! Ventriculomegaly With Defects Of The Radius And Kidney	1	DOID:4 ! disease
OMIM:602249 ! Progeroid Facial Appearance with Hand Anomalies	1	DOID:4 ! disease
OMIM:602342 ! Plantar Lipomatosis, Unusual Facies, and Developmental Delay	1	DOID:4 ! disease
OMIM:602418 ! Weyers ulnar ray/oligodactyly syndrome	1	DOID:4 ! disease
OMIM:602475 ! Ossification of the posterior longitudinal ligament of the spine	1	DOID:4 ! disease
OMIM:602477 ! Febrile Convulsions, Familial, 2	2	DOID:4 ! disease,MESH:D003294 ! Seizures, Febrile
OMIM:602483 ! Auriculo-condylar syndrome	2	DC:0000475 ! Auriculocondylar Syndrome,DOID:4 ! disease
OMIM:602613 ! Skeletal Dysplasia And Progressive Central Nervous System Degeneration, Lethal	1	DOID:4 ! disease
OMIM:603529 ! Dyserythropoiesis, Congenital, With Ultrastructurally Normal Erythroblast Heterochromatin	1	DOID:4 ! disease
OMIM:603641 ! Neuroendocrine Carcinoma of Salivary Glands, Sensorineural Hearing Loss, and Enamel Hypoplasia	1	DOID:4 ! disease
OMIM:603855 ! Cystic Fibrosis, Modifier Of, 1	1	DOID:4 ! disease
OMIM:604169 ! Left Ventricular Noncompaction 1	2	DC:0000237 ! Left Ventricular Noncompaction,DOID:4 ! disease
OMIM:604292 ! Ectrodactyly, Ectodermal Dysplasia, and Cleft Lip/Palate Syndrome 3	2	DC:0000689 ! Ectrodactyly, Ectodermal Dysplasia, and Cleft Lip/Palate Syndrome,DOID:4 ! disease
OMIM:604308 ! MASS syndrome	1	DOID:4 ! disease
OMIM:604317 ! Microcephaly, Primary Autosomal Recessive, 2	2	DOID:4 ! disease,MESH:C579935 ! Autosomal Recessive Primary Microcephaly
OMIM:604352 ! Febrile Convulsions, Familial, 4	2	DOID:4 ! disease,MESH:D003294 ! Seizures, Febrile
OMIM:604391 ! Ataxia-Telangiectasia-Like Disorder 1	2	DOID:4 ! disease,MESH:C565779 ! Ataxia Telangiectasia Like Disorder
OMIM:604559 ! Progressive Familial Heart Block, Type Ib	2	DC:0000374 ! Progressive Familial Heart Block,DOID:4 ! disease
OMIM:604715 ! Orthostatic Intolerance	1	DOID:4 ! disease
OMIM:604772 ! Ventricular Tachycardia, Catecholaminergic Polymorphic, 1, With or Without Atrial Dysfunction And/Or Dilated Cardiomyopathy	2	DC:0000665 ! Ventricular Tachycardia, Catecholaminergic Polymorphic,DOID:4 ! disease
OMIM:605013 ! Microhydranencephaly	1	DOID:4 ! disease
OMIM:605249 ! Sebastian Syndrome	1	DOID:4 ! disease
OMIM:605289 ! Split-Hand/Foot Malformation 4	2	DC:0000416 ! Split-Hand/Foot Malformation,DOID:4 ! disease
OMIM:605321 ! Frontoocular Syndrome	1	DOID:4 ! disease
OMIM:605388 ! Cerebral Palsy, Ataxic, Autosomal Recessive	1	DOID:4 ! disease
OMIM:605431	0	
OMIM:605685	0	
OMIM:606155 ! Fryns-Aftimos Syndrome	1	DOID:4 ! disease
OMIM:606156 ! Sener syndrome	1	DOID:4 ! disease
OMIM:606183 ! Laryngeal Abductor Paralysis with Cerebellar Ataxia and Motor Neuropathy	1	DOID:4 ! disease
OMIM:606242 ! Mental Retardation, Microcephaly, Growth Retardation, Joint Contractures, and Facial Dysmorphism	1	DOID:4 ! disease
OMIM:606528 ! Homozygous 11p15-p14 Deletion Syndrome	2	DOID:4 ! disease,MESH:D002872 ! Chromosome Deletion
OMIM:606688 ! Spongiform Encephalopathy with Neuropsychiatric Features	1	DOID:4 ! disease
OMIM:606721 ! Partial Lipodystrophy, Congenital Cataracts, and Neurodegeneration Syndrome	1	DOID:4 ! disease
OMIM:606777 ! De Vivo disease	2	DC:0000690 ! GLUT1 Deficiency Syndrome,DOID:4 ! disease
OMIM:606840 ! Parasomnia, Sleep Bruxism Type	1	DOID:4 ! disease
OMIM:606842 ! Cardioneuromyopathy with Hyaline Masses and Nemaline Rods	1	DOID:4 ! disease
OMIM:606851 ! Cree Mental Retardation Syndrome	1	DOID:4 ! disease
OMIM:606895 ! Symphalangism, distal, with microdontia, dental pulp stones, and narrowed zygomatic arch	1	DOID:4 ! disease
OMIM:606960 ! Insulinoma Tumor Suppressor Gene Locus	1	DOID:4 ! disease
OMIM:606963 ! Pulmonary Disease, Chronic Obstructive	1	DOID:4 ! disease
OMIM:607236 ! Hypoprebetalipoproteinemia, Acanthocytosis, Retinitis Pigmentosa, And Pallidal Degeneration	1	DOID:4 ! disease
OMIM:607398 ! Glucocorticoid Deficiency 2	2	DC:0000175 ! Glucocorticoid Deficiency,DOID:4 ! disease
OMIM:607565 ! Spastic Paraplegia, Ataxia, And Mental Retardation	1	DOID:4 ! disease
OMIM:607578 ! Breath-Holding Spells	1	DOID:4 ! disease
OMIM:607597 ! Microphthalmia with Cyst, Bilateral Facial Clefts, and Limb Anomalies	1	DOID:4 ! disease
OMIM:607674 ! Cataract, Congenital, with Mental Impairment and Dentate Gyrus Atrophy	1	DOID:4 ! disease
OMIM:607944 ! Combined Immunodeficiency with Autoimmunity and Spondylometaphyseal Dysplasia	1	DOID:4 ! disease
OMIM:608028 ! Thai Symphalangism Syndrome	1	DOID:4 ! disease
OMIM:608118 ! Zinc Deficiency, Transient Neonatal	1	DOID:4 ! disease
OMIM:608257 ! Mandibulofacial Dysostosis with Ptosis, Autosomal Dominant	1	DOID:4 ! disease
OMIM:608278 ! Growth Failure, Microcephaly, Mental Retardation, Cataracts, Large Joint Contractures, Osteoporosis, Cortical Dysplasia, and Cerebellar Atrophy	1	DOID:4 ! disease
OMIM:608279 ! Craniosynostosis with Ocular Abnormalities and Hallucal Defects	1	DOID:4 ! disease
OMIM:608611 ! Ribose 5-Phosphate Isomerase Deficiency	1	DOID:4 ! disease
OMIM:608622 ! Hypertension, Diastolic, Resistance to	1	DOID:4 ! disease
OMIM:608624 ! Midface Hypoplasia, Obesity, Developmental Delay, and Neonatal Hypotonia	1	DOID:4 ! disease
OMIM:608720 ! Neuropathy, Hereditary Sensory and Autonomic, Adult-Onset, with Anosmia	1	DOID:4 ! disease
OMIM:608809 ! Leukoencephalopathy, Arthritis, Colitis, and Hypogammaglobulinema	1	DOID:4 ! disease
OMIM:608902 ! Drug Metabolism, Poor, CYP2D6-Related	1	DOID:4 ! disease
OMIM:608984 ! Ataxia, Sensory, 1, Autosomal Dominant	1	DOID:4 ! disease
OMIM:609008 ! Marfanoid Habitus with Situs Inversus	1	DOID:4 ! disease
OMIM:609021 ! Peripheral Cone Dystrophy	1	DOID:4 ! disease
OMIM:609037 ! Mental Retardation with Optic Atrophy, Facial Dysmorphism, Microcephaly, and Short Stature	1	DOID:4 ! disease
OMIM:609070 ! Hemoglobin, High Altitude Adaptation	1	DOID:4 ! disease
OMIM:609197 ! Glucocorticoid Deficiency 3	2	DC:0000175 ! Glucocorticoid Deficiency,DOID:4 ! disease
OMIM:609222 ! Dandy-Walker Malformation With Occipital Cephalocele, Autosomal Dominant	1	DOID:4 ! disease
OMIM:609253 ! Febrile Convulsions, Familial, 6	2	DOID:4 ! disease,MESH:D003294 ! Seizures, Febrile
OMIM:609255 ! Febrile Convulsions, Familial, 5	2	DOID:4 ! disease,MESH:D003294 ! Seizures, Febrile
OMIM:609338 ! Carotid Intimal Medial Thickness 1	1	DOID:4 ! disease
OMIM:609384 ! Fibrosis of Extraocular Muscles, Congenital, 3C	2	DOID:4 ! disease,MESH:C580012 ! Congenital Fibrosis of the Extraocular Muscles
OMIM:609428 ! Tukel syndrome	2	DOID:4 ! disease,MESH:C580012 ! Congenital Fibrosis of the Extraocular Muscles
OMIM:609438 ! Mental retardation, keratoconus, febrile seizures, and sinoatrial block	1	DOID:4 ! disease
OMIM:609441 ! Chondrodysplasia, acromesomelic, with genital anomalies	1	DOID:4 ! disease
OMIM:609500 ! Vacuolar myopathy	1	DOID:4 ! disease
OMIM:609612 ! Fibrosis of Extraocular Muscles, Congenital, with Synergistic Divergence	2	DOID:4 ! disease,MESH:C580012 ! Congenital Fibrosis of the Extraocular Muscles
OMIM:609616 ! Spondylomegaepiphyseal Dysplasia With Upper Limb Mesomelia, Punctate Calcifications, And Deafness	1	DOID:4 ! disease
OMIM:609649 ! Trichilemmal Cyst 1	1	DOID:4 ! disease
OMIM:609654 ! Short Stature And Facioauriculothoracic Malformations	1	DOID:4 ! disease
OMIM:609808 ! Hamartoma, Precalcaneal Congenital Fibrolipomatous	1	DOID:4 ! disease
OMIM:609943 ! Hypertrichosis, hyperkeratosis, mental retardation, and distinctive facial features	1	DOID:4 ! disease
OMIM:609944 ! Ectodermal dysplasia, sensorineural hearing loss, and distinctive facial features	1	DOID:4 ! disease
OMIM:609945 ! Brachyphalangy, polydactyly, and tibial aplasia/hypoplasia	1	DOID:4 ! disease
OMIM:610023 ! Brachydactyly, Coloboma, And Anterior Segment Dysgenesis	1	DOID:4 ! disease
OMIM:610069 ! Polyposis Syndrome, Hereditary Mixed, 2	2	DC:0000687 ! Polyposis Syndrome, Hereditary Mixed,DOID:4 ! disease
OMIM:610251 ! Alcohol Sensitivity, Acute	1	DOID:4 ! disease
OMIM:610279 ! Pachygyria, frontotemporal	1	DOID:4 ! disease
OMIM:610319 ! Rhizomelic dysplasia, scoliosis, and retinitis pigmentosa	1	DOID:4 ! disease
OMIM:610338 ! Familial anomalous origin of right pulmonary artery	1	DOID:4 ! disease
OMIM:610420 ! Preauricular Tag, Isolated, Autosomal Dominant, 1	1	DOID:4 ! disease
OMIM:610441 ! Testicular Microlithiasis	1	DOID:4 ! disease
OMIM:610448 ! Chilblain lupus	2	DC:0000493 ! Chilblain Lupus,DOID:4 ! disease
OMIM:610504 ! Preterm Premature Rupture of the Membranes	1	DOID:4 ! disease
OMIM:610680 ! Holoprosencephaly, recurrent infections, and monocytosis	1	DOID:4 ! disease
OMIM:610765	0	
OMIM:610797 ! Epiphyseal Dysplasia, Baumann Type	1	DOID:4 ! disease
OMIM:610799 ! Invasive Pneumococcal Disease, Recurrent Isolated, 1	2	DC:0000227 ! Invasive Pneumococcal Disease, Recurrent Isolated,DOID:4 ! disease
OMIM:610805 ! Renal Hypodysplasia, Nonsyndromic, 1	1	DOID:4 ! disease
OMIM:610965 ! XFE Progeroid Syndrome	1	DOID:4 ! disease
OMIM:611087 ! Polyhydramnios, Megalencephaly, And Symptomatic Epilepsy	1	DOID:4 ! disease
OMIM:611376 ! Mungan Syndrome	1	DOID:4 ! disease
OMIM:611426 ! Tented Eyebrows	1	DOID:4 ! disease
OMIM:611634 ! Febrile Convulsions, Familial, 9	2	DOID:4 ! disease,MESH:D003294 ! Seizures, Febrile
OMIM:611694 ! Dystonia with Cerebellar Atrophy	1	DOID:4 ! disease
OMIM:611808 ! Tremor, Hereditary Essential, And Idiopathic Normal Pressure Hydrocephalus	1	DOID:4 ! disease
OMIM:611816 ! Temple-Baraitser Syndrome	1	DOID:4 ! disease
OMIM:611929 ! Camptodactyly Syndrome, Guadalajara, Type III	2	DC:0000486 ! Camptodactyly Syndrome, Guadalajara,DOID:4 ! disease
OMIM:611938 ! Ventricular Tachycardia, Catecholaminergic Polymorphic, 2	2	DC:0000665 ! Ventricular Tachycardia, Catecholaminergic Polymorphic,DOID:4 ! disease
OMIM:611943 ! Riddle Syndrome	1	DOID:4 ! disease
OMIM:611961 ! Stevenson-Carey Syndrome	1	DOID:4 ! disease
OMIM:611962 ! Hunter-Macdonald Syndrome	1	DOID:4 ! disease
OMIM:612079 ! Alopecia, Neurologic Defects, and Endocrinopathy Syndrome	2	DOID:225 ! syndrome,DOID:4 ! disease
OMIM:612089 ! Hypophosphatemic Rickets And Hyperparathyroidism	1	DOID:4 ! disease
OMIM:612097 ! Deafness, Unilateral, With Delayed Endolymphatic Hydrops	1	DOID:4 ! disease
OMIM:612160 ! Histiocytoma, Angiomatoid Fibrous	1	DOID:4 ! disease
OMIM:612198 ! Diastasis Recti And Weakness Of The Linea Alba	1	DOID:4 ! disease
OMIM:612271	0	
OMIM:612447 ! Skeletal Defects, Genital Hypoplasia, And Mental Retardation	1	DOID:4 ! disease
OMIM:612576 ! Split-Hand/Foot Malformation With Long Bone Deficiency 3	2	DC:0000663 ! Split-Hand/Foot Malformation with Long Bone Deficiency,DOID:4 ! disease
OMIM:612671	0	
OMIM:612731 ! Faciocardiomelic Syndrome	1	DOID:4 ! disease
OMIM:612798 ! Question Mark Ears, Isolated	1	DOID:4 ! disease
OMIM:612917 ! Giacheti Syndrome	1	DOID:4 ! disease
OMIM:612947 ! Microcephaly, Growth Retardation, Cataract, Hearing Loss, And Unusual Appearance	1	DOID:4 ! disease
OMIM:612948 ! Stargardt Macular Degeneration Absent or Hypoplastic Corpus Callosum Mental Retardation and Dysmorphic Features	1	DOID:4 ! disease
OMIM:613005 ! Santos Syndrome	1	DOID:4 ! disease
OMIM:613124 ! Hydrops Fetalis, Nonimmune, With Gracile Bones And Dysmorphic Features	1	DOID:4 ! disease
OMIM:613241 ! Pseudopili Annulati	1	DOID:4 ! disease
OMIM:613291 ! Bile Acid Malabsorption, Primary	1	DOID:4 ! disease
OMIM:613353 ! Mononeuropathy of the Median Nerve, Mild	1	DOID:4 ! disease
OMIM:613418	0	
OMIM:613544 ! Chromosome 6Q11-Q14 Deletion Syndrome	2	DOID:4 ! disease,MESH:D002872 ! Chromosome Deletion
OMIM:613603 ! Chromosome 4Q32.1-Q32.2 Triplication Syndrome	1	DOID:4 ! disease
OMIM:613606 ! Forsythe-Wakeling Syndrome	1	DOID:4 ! disease
OMIM:613611 ! Choanal Atresia and Lymphedema	1	DOID:4 ! disease
OMIM:613623 ! Agenesis of the Corpus Callosum and Congenital Lymphedema	1	DOID:4 ! disease
OMIM:613625 ! Factor 5 and Factor Viii, Combined Deficiency Of, 2	2	DC:0000517 ! Factor V and Factor VIII, Combined Deficiency of,DOID:4 ! disease
OMIM:613627 ! Brachydactyly, Type A1, With Short Stature, Scoliosis, Microcephaly, Ptosis, Hearing Loss, and Mental Retardation	1	DOID:4 ! disease
OMIM:613628 ! Odontoid Hypoplasia	1	DOID:4 ! disease
OMIM:613630 ! Cocoon Syndrome	1	DOID:4 ! disease
OMIM:613671 ! Mental Retardation, Anterior Maxillary Protrusion, and Strabismus	1	DOID:4 ! disease
OMIM:613776 ! Chromosome 17P13.1 Deletion Syndrome	2	DOID:4 ! disease,MESH:D002872 ! Chromosome Deletion
OMIM:613870 ! Hirschsprung Disease, Cardiac Defects, and Autonomic Dysfunction	1	DOID:4 ! disease
OMIM:613886 ! Obesity, Hyperphagia, and Developmental Delay	1	DOID:4 ! disease
OMIM:613913 ! Lipodystrophy, Partial, Acquired, With Low Complement Component C3, With or Without Glomerulonephritis	1	DOID:4 ! disease
OMIM:613933 ! Acetyl-Coa Carboxylase Deficiency	1	DOID:4 ! disease
OMIM:614021 ! Ventricular Tachycardia, Catecholaminergic Polymorphic, 3	2	DC:0000665 ! Ventricular Tachycardia, Catecholaminergic Polymorphic,DOID:4 ! disease
OMIM:614025 ! Hepatic Lipase Deficiency	1	DOID:4 ! disease
OMIM:614033 ! Hydroxyacyl Glutathione Hydrolase Deficiency	1	DOID:4 ! disease
OMIM:614034 ! Heme Oxygenase 1 Deficiency	1	DOID:4 ! disease
OMIM:614044 ! Trypsinogen Deficiency	1	DOID:4 ! disease
OMIM:614055 ! Cytosolic acetoacetyl-CoA thiolase deficiency	1	DOID:4 ! disease
OMIM:614063 ! N-Acetylaspartate Deficiency	1	DOID:4 ! disease
OMIM:614080 ! Multiple Congenital Anomalies-Hypotonia-Seizures Syndrome 1	2	DC:0000565 ! Multiple Congenital Anomalies-Hypotonia-Seizures Syndrome,DOID:4 ! disease
OMIM:614098 ! Keppen-Lubinsky Syndrome	1	DOID:4 ! disease
OMIM:614114 ! Mosaic Variegated Aneuploidy Syndrome 2	2	DC:0000564 ! Mosaic Variegated Aneuploidy Syndrome,DOID:4 ! disease
OMIM:614132	0	
OMIM:614164 ! Glutathione Peroxidase Deficiency	1	DOID:4 ! disease
OMIM:614185 ! Geleophysic Dysplasia 2	2	DC:0000524 ! Geleophysic Dysplasia,DOID:4 ! disease
OMIM:614195 ! Craniofacial Anomalies and Anterior Segment Dysgenesis Syndrome	1	DOID:4 ! disease
OMIM:614262 ! Arthrogryposis, Perthes Disease, and Upward Gaze Palsy	1	DOID:4 ! disease
OMIM:614296 ! Wolfram-Like Syndrome, Autosomal Dominant	1	DOID:4 ! disease
OMIM:614306 ! Cognitive Impairment With or Without Cerebellar Ataxia	1	DOID:4 ! disease
OMIM:614389 ! Pregnancy Loss, Recurrent, Susceptibility To, 1	2	DC:0000580 ! Pregnancy Loss, Recurrent, Susceptibility,DOID:4 ! disease
OMIM:614390 ! Pregnancy Loss, Recurrent, Susceptibility To, 2	2	DC:0000580 ! Pregnancy Loss, Recurrent, Susceptibility,DOID:4 ! disease
OMIM:614391 ! Pregnancy Loss, Recurrent, Susceptibility To, 3	2	DC:0000580 ! Pregnancy Loss, Recurrent, Susceptibility,DOID:4 ! disease
OMIM:614415 ! Chilblain Lupus 2	2	DC:0000493 ! Chilblain Lupus,DOID:4 ! disease
OMIM:614418 ! Febrile Seizures, Familial, 11	2	DOID:4 ! disease,MESH:D003294 ! Seizures, Febrile
OMIM:614498 ! Rigidity and Multifocal Seizure Syndrome, Lethal Neonatal	1	DOID:4 ! disease
OMIM:614501 ! Psychomotor Retardation, Epilepsy, and Craniofacial Dysmorphism	1	DOID:4 ! disease
OMIM:614520 ! Encephalomyopathy, Mitochondrial, Due to Voltage-Dependent Anion Channel Deficiency	1	DOID:4 ! disease
OMIM:614524 ! Fibrochondrogenesis 2	2	DOID:4 ! disease,MESH:C562524 ! Fibrochondrogenesis
OMIM:614541 ! Chromosome 16Q22 Deletion Syndrome	2	DOID:4 ! disease,MESH:D002872 ! Chromosome Deletion
OMIM:614561 ! Leukoencephalopathy, Brain Calcifications, and Cysts	1	DOID:4 ! disease
OMIM:614575 ! Cerebellar Ataxia, Neuropathy, and Vestibular Areflexia Syndrome	1	DOID:4 ! disease
OMIM:614602 ! Trichohepatoenteric Syndrome 2	2	DOID:4 ! disease,MESH:C565627 ! Trichohepatoenteric Syndrome
OMIM:614618 ! Hyperekplexia 3	2	DC:0000537 ! Hyperekplexia,DOID:4 ! disease
OMIM:614619 ! Hyperekplexia 2	2	DC:0000537 ! Hyperekplexia,DOID:4 ! disease
OMIM:614669 ! Auriculocondylar Syndrome 2	2	DC:0000475 ! Auriculocondylar Syndrome,DOID:4 ! disease
OMIM:614673 ! Microcephaly 8, Primary, Autosomal Recessive	2	DOID:4 ! disease,MESH:C579935 ! Autosomal Recessive Primary Microcephaly
OMIM:614684 ! Hypertelorism and Other Facial Dysmorphism, Brachydactyly, Genital Abnormalities, Mental Retardation, and Recurrent Inflammatory Episodes	1	DOID:4 ! disease
OMIM:614736 ! Glucocorticoid Deficiency 4	2	DC:0000175 ! Glucocorticoid Deficiency,DOID:4 ! disease
OMIM:614741 ! Mitochondrial Pyruvate Carrier Deficiency	1	DOID:4 ! disease
OMIM:614852 ! Microcephaly 9, Primary, Autosomal Recessive	2	DOID:4 ! disease,MESH:C579935 ! Autosomal Recessive Primary Microcephaly
OMIM:614894 ! Monocyte and Dendritic Cell Deficiency, Autosomal Recessive	1	DOID:4 ! disease
OMIM:614916 ! Ventricular Tachycardia, Catecholaminergic Polymorphic, 4	2	DC:0000665 ! Ventricular Tachycardia, Catecholaminergic Polymorphic,DOID:4 ! disease
OMIM:614927 ! Ectodermal Dysplasia 5, Hair/Nail Type	2	DC:0000128 ! Ectodermal Dysplasia,DOID:4 ! disease
OMIM:615028 ! Epidermolysis Bullosa, Nonspecific, Autosomal Recessive	1	DOID:4 ! disease
OMIM:615133	0	
OMIM:615155 ! Steel Syndrome	1	DOID:4 ! disease
OMIM:615198 ! Osteosclerotic Metaphyseal Dysplasia	1	DOID:4 ! disease
OMIM:615282 ! Cortical Dysplasia, Complex, With Other Brain Malformations 2	2	DC:0000498 ! Cortical Dysplasia, Complex, with Other Brain Malformations,DOID:4 ! disease
OMIM:615363 ! Estrogen Resistance	1	DOID:4 ! disease
OMIM:615369 ! Epileptic Encephalopathy, Childhood-Onset	1	DOID:4 ! disease
OMIM:615411 ! Cortical Dysplasia, Complex, With Other Brain Malformations 3	2	DC:0000498 ! Cortical Dysplasia, Complex, with Other Brain Malformations,DOID:4 ! disease
OMIM:615412 ! Cortical Dysplasia, Complex, With Other Brain Malformations 4	2	DC:0000498 ! Cortical Dysplasia, Complex, with Other Brain Malformations,DOID:4 ! disease
OMIM:615414 ! Microcephaly 11, Primary, Autosomal Recessive	2	DOID:4 ! disease,MESH:C579935 ! Autosomal Recessive Primary Microcephaly
OMIM:615441 ! Ventricular Tachycardia, Catecholaminergic Polymorphic, 5, With or Without Muscle Weakness	2	DC:0000665 ! Ventricular Tachycardia, Catecholaminergic Polymorphic,DOID:4 ! disease
OMIM:615457	0	
OMIM:615560 ! Otofaciocervical Syndrome 2	2	DC:0000698 ! Otofaciocervical Syndrome,DOID:4 ! disease
OMIM:615582 ! Rienhoff Syndrome	1	DOID:4 ! disease
OMIM:615583 ! Verheij Syndrome	1	DOID:4 ! disease
OMIM:615706 ! Auriculocondylar Syndrome 3	2	DC:0000475 ! Auriculocondylar Syndrome,DOID:4 ! disease
OMIM:615710 ! Mitchell-Riley Syndrome	1	DOID:4 ! disease
OMIM:615721 ! Renal Hypodysplasia/Aplasia 2	2	DC:0000695 ! Renal Hypodysplasia/Aplasia,DOID:4 ! disease
OMIM:615745 ! Atrial Standstill 2	2	DC:0000699 ! Atrial Standstill,DOID:4 ! disease
OMIM:615763 ! Cortical Dysplasia, Complex, With Other Brain Malformations 5	2	DC:0000498 ! Cortical Dysplasia, Complex, with Other Brain Malformations,DOID:4 ! disease
OMIM:615771 ! Cortical Dysplasia, Complex, With Other Brain Malformations 6	2	DC:0000498 ! Cortical Dysplasia, Complex, with Other Brain Malformations,DOID:4 ! disease
OMIM:615777 ! Desbuquois Dysplasia 2	2	DC:0000623 ! Desbuquois Dysplasia,DOID:4 ! disease
OMIM:615829 ! Xia-Gibbs Syndrome	1	DOID:4 ! disease
OMIM:615849 ! Culler-Jones Syndrome	1	DOID:4 ! disease
OMIM:615889 ! Leukoencephalopathy, Progressive, With Ovarian Failure	1	DOID:4 ! disease
OMIM:615895 ! Polyglucosan Body Myopathy 1 With or Without Immunodeficiency	2	DC:0000696 ! Polyglucosan Body Myopathy,DOID:4 ! disease
OMIM:615919 ! Ataxia-Telangiectasia-Like Disorder 2	2	DOID:4 ! disease,MESH:C565779 ! Ataxia Telangiectasia Like Disorder
OMIM:615934 ! Sting-Associated Vasculopathy, Infantile-Onset	1	DOID:4 ! disease
OMIM:615952 ! Autoimmune Disease, Multisystem, Infantile-Onset	1	DOID:4 ! disease
OMIM:616040 ! Myasthenic Syndrome, Presynaptic, Congenital, With or Without Motor Neuropathy	2	DC:0000297 ! Myasthenic Syndrome,DOID:4 ! disease
Orphanet:1002	0	
Orphanet:1041 ! Hydrops fetalis	2	DOID:4 ! disease,Orphanet:93890 ! Rare developmental defect during embryogenesis
Orphanet:1052	1	DOID:4 ! disease
Orphanet:1055	0	
Orphanet:1167	0	
Orphanet:1184	0	
Orphanet:120	0	
Orphanet:1232	0	
Orphanet:1236	0	
Orphanet:1262 ! BC6C6k syndrome	2	DC:0000128 ! Ectodermal Dysplasia,DOID:4 ! disease
Orphanet:1305	1	DOID:4 ! disease
Orphanet:1313	0	
Orphanet:1321	0	
Orphanet:1323	0	
Orphanet:1340	2	DOID:225 ! syndrome,DOID:4 ! disease
Orphanet:139436	2	DOID:225 ! syndrome,DOID:4 ! disease
Orphanet:1414	2	DOID:225 ! syndrome,DOID:4 ! disease
Orphanet:1425	1	DOID:4 ! disease
Orphanet:1433 ! Choroidal atrophy - alopecia	2	DC:0000128 ! Ectodermal Dysplasia,DOID:4 ! disease
Orphanet:1465	2	DOID:4 ! disease,DOID:630 ! genetic disease
Orphanet:156177	0	
Orphanet:1577	0	
Orphanet:157794	1	DOID:4 ! disease
Orphanet:163634	2	DOID:225 ! syndrome,DOID:4 ! disease
Orphanet:164	0	
Orphanet:1648	0	
Orphanet:1659	0	
Orphanet:1664	0	
Orphanet:1665	0	
Orphanet:1681	0	
Orphanet:1767	0	
Orphanet:1773	0	
Orphanet:1780	0	
Orphanet:1809 ! Hidrotic ectodermal dysplasia, Halal type	2	DC:0000128 ! Ectodermal Dysplasia,DOID:4 ! disease
Orphanet:1812 ! Ectodermal dysplasia - intellectual disability - central nervous system malformation	2	DC:0000128 ! Ectodermal Dysplasia,DOID:4 ! disease
Orphanet:1816 ! Ectodermal dysplasia, Berlin type	2	DC:0000128 ! Ectodermal Dysplasia,DOID:4 ! disease
Orphanet:1819	0	
Orphanet:1863	0	
Orphanet:1885	1	DOID:4 ! disease
Orphanet:1894	0	
Orphanet:1895	0	
Orphanet:1896	1	DOID:4 ! disease
Orphanet:1937	0	
Orphanet:1964	0	
Orphanet:1968	0	
Orphanet:1969	0	
Orphanet:199	2	DOID:4 ! disease,DOID:630 ! genetic disease
Orphanet:1991	0	
Orphanet:200	0	
Orphanet:2021	1	DOID:4 ! disease
Orphanet:2033	0	
Orphanet:2048	0	
Orphanet:2058	0	
Orphanet:206	0	
Orphanet:2060	0	
Orphanet:2074	0	
Orphanet:2099	0	
Orphanet:2104	0	
Orphanet:2111	0	
Orphanet:2120	0	
Orphanet:2129	0	
Orphanet:2158	0	
Orphanet:2184	0	
Orphanet:2228	2	DOID:225 ! syndrome,DOID:4 ! disease
Orphanet:2258	0	
Orphanet:2321	0	
Orphanet:2322	1	DOID:4 ! disease
Orphanet:2333	1	DOID:4 ! disease
Orphanet:2335	0	
Orphanet:2352	0	
Orphanet:2440	1	DOID:4 ! disease
Orphanet:2466	2	DOID:225 ! syndrome,DOID:4 ! disease
Orphanet:250	1	DOID:4 ! disease
Orphanet:2547	0	
Orphanet:2582 ! Myalgia-eosinophilia syndrome associated with tryptophan	1	DOID:4 ! disease
Orphanet:2591	1	DOID:4 ! disease
Orphanet:2623	1	DOID:4 ! disease
Orphanet:2671	1	DOID:4 ! disease
Orphanet:2672	0	
Orphanet:2695	1	DOID:4 ! disease
Orphanet:2697	2	DOID:225 ! syndrome,DOID:4 ! disease
Orphanet:2703	0	
Orphanet:2705	0	
Orphanet:2710	2	DOID:225 ! syndrome,DOID:4 ! disease
Orphanet:2713 ! Oculoosteocutaneous syndrome	2	DC:0000128 ! Ectodermal Dysplasia,DOID:4 ! disease
Orphanet:2715	0	
Orphanet:2720	0	
Orphanet:2725	0	
Orphanet:2728	2	DOID:225 ! syndrome,DOID:4 ! disease
Orphanet:2742	0	
Orphanet:275543	2	DOID:225 ! syndrome,DOID:4 ! disease
Orphanet:2771	2	DOID:225 ! syndrome,DOID:4 ! disease
Orphanet:2792	1	DOID:4 ! disease
Orphanet:2793	0	
Orphanet:2835	0	
Orphanet:2890 ! Pili torti - onychodysplasia	2	DC:0000128 ! Ectodermal Dysplasia,DOID:4 ! disease
Orphanet:296	2	DOID:225 ! syndrome,DOID:4 ! disease
Orphanet:2963 ! Progeroid syndrome, Petty type	2	DOID:4 ! disease,MESH:D019588 ! Aging, Premature
Orphanet:2995	2	DOID:225 ! syndrome,DOID:4 ! disease
Orphanet:3010	2	DOID:225 ! syndrome,DOID:4 ! disease
Orphanet:3018 ! Retinal ischemic syndrome - digestive tract small vessel hyalinosis - diffuse cerebral calcifications	1	DOID:4 ! disease
Orphanet:3023	0	
Orphanet:3029	0	
Orphanet:3043	0	
Orphanet:3046	0	
Orphanet:3122	0	
Orphanet:3130	0	
Orphanet:3137	1	DOID:4 ! disease
Orphanet:3140	0	
Orphanet:3185	0	
Orphanet:3197	1	DOID:4 ! disease
Orphanet:3200	0	
Orphanet:3215	0	
Orphanet:3216	0	
Orphanet:3286	1	DOID:4 ! disease
Orphanet:3311	0	
Orphanet:33271	0	
Orphanet:3329	1	DOID:4 ! disease
Orphanet:3336	0	
Orphanet:33409	0	
Orphanet:3354 ! Tricho-oculo-dermo-vertebral syndrome	2	DC:0000128 ! Ectodermal Dysplasia,DOID:4 ! disease
Orphanet:3360	0	
Orphanet:3362 ! obsolete Trichomegaly - cataract - hereditary spherocytosis	0	
Orphanet:3363 ! Trichomegaly - retina pigmentary degeneration - dwarfism	2	DC:0000128 ! Ectodermal Dysplasia,DOID:4 ! disease
Orphanet:3374	0	
Orphanet:3419	0	
Orphanet:3446	0	
Orphanet:3463	2	DOID:4 ! disease,DOID:630 ! genetic disease
Orphanet:357	0	
Orphanet:378	0	
Orphanet:381	1	DOID:4 ! disease
Orphanet:385	1	DOID:4 ! disease
Orphanet:387	0	
Orphanet:41842	0	
Orphanet:440	2	DOID:0080015 ! physical disorder,DOID:4 ! disease
Orphanet:462	0	
Orphanet:47045	1	DOID:4 ! disease
Orphanet:484	0	
Orphanet:50817	0	
Orphanet:52429	2	DOID:225 ! syndrome,DOID:4 ! disease
Orphanet:625	0	
Orphanet:660	2	DOID:0080015 ! physical disorder,DOID:4 ! disease
Orphanet:669	1	DOID:4 ! disease
Orphanet:67047	1	DOID:4 ! disease
Orphanet:71276 ! Silent sinus syndrome	2	DOID:4 ! disease,Orphanet:98036 ! Rare otorhinolaryngologic disease
Orphanet:722 ! Hypoplasminogenemia	2	DOID:4 ! disease,Orphanet:98023 ! Rare systemic or rheumatologic disease
Orphanet:736	0	
Orphanet:771	0	
Orphanet:77258 ! Trichorhinophalangeal syndrome type 1 and 3	2	DC:0000443 ! Trichorhinophalangeal Syndrome,DOID:4 ! disease
Orphanet:79132 ! Sparse hair - short stature - skin anomalies	2	DC:0000128 ! Ectodermal Dysplasia,DOID:4 ! disease
Orphanet:79279 ! Alpha-N-acetylgalactosaminidase deficiency type 1	2	DC:0000691 ! Schindler Disease,DOID:4 ! disease
Orphanet:79281 ! Alpha-N-acetylgalactosaminidase deficiency type 3	2	DC:0000691 ! Schindler Disease,DOID:4 ! disease
Orphanet:793	2	DOID:225 ! syndrome,DOID:4 ! disease
Orphanet:79373	1	DOID:4 ! disease
Orphanet:80	0	
Orphanet:84085 ! Hinman syndrome	2	DOID:4 ! disease,Orphanet:101433 ! Rare urogenital disease
Orphanet:84090	1	DOID:4 ! disease
Orphanet:85173	2	DOID:225 ! syndrome,DOID:4 ! disease
Orphanet:85276	2	DOID:225 ! syndrome,DOID:4 ! disease
Orphanet:856	0	
Orphanet:870	0	
Orphanet:871	1	DOID:4 ! disease
Orphanet:887	2	DOID:225 ! syndrome,DOID:4 ! disease
Orphanet:888	2	DOID:225 ! syndrome,DOID:4 ! disease
Orphanet:90290	2	DOID:225 ! syndrome,DOID:4 ! disease
Orphanet:907	0	
Orphanet:924	0	
Orphanet:93359	1	DOID:4 ! disease
Orphanet:93385	0	
Orphanet:93393	0	
Orphanet:95501	0	
Orphanet:95716	1	DOID:4 ! disease
Orphanet:96169	2	DOID:225 ! syndrome,DOID:4 ! disease
Orphanet:971	1	DOID:4 ! disease
Orphanet:97297	2	DOID:225 ! syndrome,DOID:4 ! disease
Orphanet:974	2	DOID:225 ! syndrome,DOID:4 ! disease
Orphanet:98296	0	
Orphanet:98299	0	
Orphanet:99888	0	
